"cliente.idcliente","cliente.nombrecliente","cliente.direccion","cliente.estado","cliente.nacimiento"
"59","GUZMÁN PEÑA SANTANA","CALLE TABASCO NÚMERO 349","NAYARIT","Sat Jan 01 1977 00:00:00 GMT-0600 (hora estándar central)"
"78","LINO SOTO MARTÍN","AV. PALMIRA MZNA 215","COAHUILA","Sun Jun 02 1985 00:00:00 GMT-0600 (hora estándar central)"
"88","ARCADIO CORTÉS VEGA","SABADEL MANZANA 46","ESTADO DE MÉXICO","Tue Aug 20 1974 00:00:00 GMT-0600 (hora estándar central)"
"100","ANNA VEGA FLORES","MORELOS NO. 609","TABASCO","Wed Dec 03 1969 00:00:00 GMT-0600 (hora estándar central)"
"145","ONÉSIMO CALVO JIMÉNEZ","MUNICIPIO LIBRE NUM. 479","AGUASCALIENTES","Tue Dec 13 1994 00:00:00 GMT-0600 (hora estándar central)"
"171","MIQUEAS MORENO CRESPO","TEPETONGO MZNA 496","TAMAULIPAS","Mon Mar 10 1980 00:00:00 GMT-0600 (hora estándar central)"
"231","EPIFANÍA GALLARDO HERRERA","MIERES NÚMERO 332","QUINTANA ROO","Wed Nov 09 1966 00:00:00 GMT-0600 (hora estándar central)"
"260","SANTIAGO GALLEGO CABALLERO","JAIME NUNO MZNA 154","DURANGO","Sat Sep 12 1992 00:00:00 GMT-0600 (hora estándar central)"
"262","CELINA MARTÍNEZ ARIAS","REPUBLICA DE CHILE MZNA 612","CAMPECHE","Sat Feb 18 1967 00:00:00 GMT-0600 (hora estándar central)"
"466","XAVIER CASTRO SÁNCHEZ","VIVEROS DE ASIS NO. 293","GUANAJUATO","Sat Aug 16 1980 00:00:00 GMT-0600 (hora estándar central)"
"489","SEVERINO SÁEZ MUÑOZ","PRIV. DEL CEDRAL NO. 448","MICHOACÁN","Mon Feb 14 1977 00:00:00 GMT-0600 (hora estándar central)"
"491","RAÚL NIETO LÓPEZ","FRESA MANZANA 498","NUEVO LEÓN","Sat Feb 28 1970 00:00:00 GMT-0600 (hora estándar central)"
"494","ANSELMO LÓPEZ MORALES","AGUAJE NÚMERO 64","NUEVO LEÓN","Sat Aug 09 1958 00:00:00 GMT-0600 (hora de verano central)"
"499","LOURDES MEDINA MÉNDEZ","JUAN SANCHEZ AZCONA NO. 187","JALISCO","Tue Apr 27 1954 00:00:00 GMT-0600 (hora de verano central)"
"540","TEODOSIA GARRIDO GIMÉNEZ","FRANCISCO SARABIA MANZANA 371","CAMPECHE","Sun Apr 11 1954 00:00:00 GMT-0600 (hora de verano central)"
"595","VENANCIO BLESA FUENTES","AGUILAS MZNA 282","CHIAPAS","Wed Jul 14 1976 00:00:00 GMT-0600 (hora estándar central)"
"794","SERGIO VICENTE CRESPO","ALCANFORES NUM. 95","QUERÉTARO","Mon Oct 21 1974 00:00:00 GMT-0600 (hora estándar central)"
"844","VALENTÍN SUÁREZ GIL","OCOTAL NO. 224","GUANAJUATO","Sun Jan 23 1977 00:00:00 GMT-0600 (hora estándar central)"
"1137","FERNANDO HIDALGO PARRA","AV. ERMITA NUM. 161","OAXACA","Tue Nov 05 1963 00:00:00 GMT-0600 (hora estándar central)"
"1204","ELVIRA MORALES MOLINA","PRIVADA EXHACIENDA DE LA ESCALERA NO. 211","MICHOACÁN","Tue Jun 23 1981 00:00:00 GMT-0600 (hora estándar central)"
"1284","AUGUSTO FLORES CABRERA","PINO NÚMERO 204","SAN LUIS POTOSÍ","Wed Jul 11 1973 00:00:00 GMT-0600 (hora estándar central)"
"1315","TRINIDAD CARRASCO SÁNCHEZ","CIRUJANOS NUM. 169","TABASCO","Tue Dec 13 1983 00:00:00 GMT-0600 (hora estándar central)"
"1543","NEMESIO ALONSO SANTIAGO","ZEMPOALTEPETL NÚMERO 720","QUINTANA ROO","Tue Jun 08 1954 00:00:00 GMT-0600 (hora de verano central)"
"1586","MARC GONZÁLEZ FUENTES","BALVANERA NÚMERO 16","AGUASCALIENTES","Sun Feb 12 1989 00:00:00 GMT-0600 (hora estándar central)"
"1601","ALIPIO RUBIO SANTOS","ORQUIDEA MANZANA 558","CHIHUAHUA","Thu Aug 21 1986 00:00:00 GMT-0600 (hora estándar central)"
"1628","ROQUE MEDINA SANTOS","BRAVO NÚMERO 468","BAJA CALIFORNIA","Tue Jul 20 1971 00:00:00 GMT-0600 (hora estándar central)"
"1666","ENRIQUE MORA ROMÁN","IXTLE NÚMERO 121","AGUASCALIENTES","Sat Jan 12 1974 00:00:00 GMT-0600 (hora estándar central)"
"1718","EMILIO ÁLVAREZ VICENTE","CERRO DE LOS GAVILANES MANZANA 611","NAYARIT","Mon Mar 03 1969 00:00:00 GMT-0600 (hora estándar central)"
"1757","AQUILES RODRÍGUEZ CASTRO","ROMULO O FARRIL NÚMERO 665","MICHOACÁN","Wed Mar 09 1977 00:00:00 GMT-0600 (hora estándar central)"
"1761","MARCELO MONTERO MARTÍNEZ","AV. COPILCO NO. 312","AGUASCALIENTES","Tue Jun 10 1975 00:00:00 GMT-0600 (hora estándar central)"
"1830","PROBO LORENZO FERNÁNDEZ","RANCHO SAN LORENZO NÚMERO 252","PUEBLA","Sun Nov 11 1962 00:00:00 GMT-0600 (hora estándar central)"
"1835","BARTOLOMÉ CASTILLO DELGADO","GALEANA MZNA 260","COAHUILA","Sun Feb 18 1990 00:00:00 GMT-0600 (hora estándar central)"
"1888","JOSEP ORTIZ VIDAL","JUAREZ NUM. 727","ESTADO DE MÉXICO","Tue Apr 06 1993 00:00:00 GMT-0600 (hora estándar central)"
"1904","MERCEDES CRUZ SÁEZ","20 DE NOVIEMBRE MANZANA 599","TLAXCALA","Tue Jun 20 1972 00:00:00 GMT-0600 (hora estándar central)"
"1913","MARINA DÍAZ LEÓN","JAMES MONROE MZNA 9","VERACRUZ","Thu Jul 25 1963 00:00:00 GMT-0600 (hora de verano central)"
"1919","JOAN ESTEBAN ROMÁN","CALLE 1 MANZANA 664","COAHUILA","Sat May 18 1974 00:00:00 GMT-0600 (hora estándar central)"
"1948","IFIGENIA GARCÍA DÍAZ","ROSAS MZNA 450","ZACATECAS","Tue Apr 16 1963 00:00:00 GMT-0600 (hora de verano central)"
"1950","VIRGILIO RUBIO BLANCO","CALLE PASO SOMOSIERRA NO. 528","CDMX","Thu Mar 06 1958 00:00:00 GMT-0600 (hora estándar central)"
"1998","DOLORES ARIAS FERNÁNDEZ","FRANCISCO SARABIA MANZANA 177","CHIHUAHUA","Tue Oct 24 1989 00:00:00 GMT-0600 (hora estándar central)"
"2012","DOMINGO GIL VELASCO","CALLE PASO SOMOSIERRA NÚMERO 620","SINALOA","Tue Feb 06 1973 00:00:00 GMT-0600 (hora estándar central)"
"2072","CONRADO REYES PRIETO","HERIBERTO FRIAS MANZANA 700","JALISCO","Thu Apr 14 1983 00:00:00 GMT-0600 (hora estándar central)"
"2241","RIGOBERTO GIMÉNEZ RUBIO","CRISTOBAL COLON MANZANA 19","SINALOA","Wed Sep 11 1974 00:00:00 GMT-0600 (hora estándar central)"
"2418","PONCIO CRUZ VICENTE","LERDO MANZANA 800","NUEVO LEÓN","Thu Jun 11 1964 00:00:00 GMT-0600 (hora de verano central)"
"2571","PATRICIA NIETO FUENTES","AND LAS LEYES DE REFORMA NO. 216","NUEVO LEÓN","Wed Apr 12 1995 00:00:00 GMT-0600 (hora estándar central)"
"2584","MARCOS VIDAL LOZANO","CALLE 1 NUM. 667","CDMX","Fri Sep 02 1966 00:00:00 GMT-0600 (hora de verano central)"
"2594","JOEL HERRERA CRUZ","PROL DE GUADALUPE Y RAMIREZ MANZANA 117","DURANGO","Fri Feb 18 1972 00:00:00 GMT-0600 (hora estándar central)"
"2666","RAMÓN CARMONA RAMÍREZ","NUEVO LEON NO. 78","NUEVO LEÓN","Fri Jul 11 1969 00:00:00 GMT-0600 (hora de verano central)"
"2708","ABELARDO MONTERO CASTILLO","PERUANOS MANZANA 229","TABASCO","Mon Jun 06 1994 00:00:00 GMT-0600 (hora estándar central)"
"2720","ZACARÍAS FLORES MARTÍNEZ","TOMAS URBINA MANZANA 785","CHIHUAHUA","Mon Jun 10 1957 00:00:00 GMT-0600 (hora de verano central)"
"2723","EZEQUIEL GUTIÉRREZ DÍEZ","AVENIDA SAUCES MANZANA 662","VERACRUZ","Sun Mar 06 1983 00:00:00 GMT-0600 (hora estándar central)"
"2742","HUGO ÁLVAREZ LEÓN","BARRIO DE SAN JOSÉ NÚMERO 29","CHIAPAS","Mon Dec 13 1993 00:00:00 GMT-0600 (hora estándar central)"
"2836","FÉLIX SUÁREZ NIETO","BALMACEDA MZNA 145","HIDALGO","Tue Apr 24 1979 00:00:00 GMT-0600 (hora estándar central)"
"2862","SALOMÉ GALLARDO ARIAS","ADOLFO PRIETO MZNA 177","OAXACA","Tue Sep 14 1982 00:00:00 GMT-0600 (hora estándar central)"
"2909","BERNABÉ GIMÉNEZ CALVO","MANUEL GUTIERREZ NAJERA NÚMERO 383","COAHUILA","Wed Jul 24 1991 00:00:00 GMT-0600 (hora estándar central)"
"3054","JUAN MUÑOZ VEGA","CENZONTLE MANZANA 244","SAN LUIS POTOSÍ","Thu Jun 17 1971 00:00:00 GMT-0600 (hora estándar central)"
"3103","EDMUNDO RUBIO MONTERO","EDIF AGUAMIEL MANZANA 133","CDMX","Wed Oct 20 1993 00:00:00 GMT-0600 (hora estándar central)"
"3144","SEGISMUNDO PARRA MOLINA","CAMPESINOS NUM. 435","CHIAPAS","Sat Jul 14 1984 00:00:00 GMT-0600 (hora estándar central)"
"3157","FABIOLA GALLEGO SANTANA","CARRETERA PEREZ GASGA NO. 383","MICHOACÁN","Sun Nov 26 1961 00:00:00 GMT-0600 (hora estándar central)"
"3164","LORENZO MORENO SERRANO","LOMA DEL GALLO MANZANA 123","DURANGO","Fri Feb 21 1975 00:00:00 GMT-0600 (hora estándar central)"
"3184","SONIA CRESPO MARTÍNEZ","CERRADA DE LA ROMERIA NUM. 568","QUINTANA ROO","Fri Sep 23 1977 00:00:00 GMT-0600 (hora estándar central)"
"3253","CIPRIANO HERRERA NIETO","ADRIANA MZNA 632","VERACRUZ","Wed Sep 04 1985 00:00:00 GMT-0600 (hora estándar central)"
"3274","JACOBO CABRERA DURÁN","PRIV. COLORINES MANZANA 484","MICHOACÁN","Sun Apr 23 1967 00:00:00 GMT-0600 (hora de verano central)"
"3280","MARCIANO REY GALLARDO","TLACOTAL MZNA 237","DURANGO","Wed Apr 20 1977 00:00:00 GMT-0600 (hora estándar central)"
"3287","ÓSCAR VIDAL MOLINA","JUAN SANCHEZ AZCONA NÚMERO 455","CAMPECHE","Tue May 19 1970 00:00:00 GMT-0600 (hora estándar central)"
"3313","CASIMIRO VELASCO ÁLVAREZ","GUIPUZCOA NÚMERO 118","VERACRUZ","Wed May 13 1970 00:00:00 GMT-0600 (hora estándar central)"
"3443","NICODEMO DÍEZ NAVARRO","BOULEVARD MALINTZI NO. 181","PUEBLA","Mon Mar 15 1965 00:00:00 GMT-0600 (hora estándar central)"
"3498","CONCEPCIÓN SANZ LOZANO","ARIZONA NÚMERO 104","ESTADO DE MÉXICO","Tue Dec 17 1957 00:00:00 GMT-0600 (hora estándar central)"
"3606","BALDUINO MUÑOZ ROMÁN","CDA.DE LA SOLEDAD NÚMERO 570","AGUASCALIENTES","Fri Dec 28 1990 00:00:00 GMT-0600 (hora estándar central)"
"3621","VENANCIO ALONSO RODRÍGUEZ","PEDRO RAMIREZ DEL CASTILLO NUM. 795","VERACRUZ","Sat Jul 11 1959 00:00:00 GMT-0600 (hora de verano central)"
"3726","ESIQUIO MARTÍN GUERRERO","PUERTO ACAPULCO NÚMERO 480","HIDALGO","Sat Oct 05 1968 00:00:00 GMT-0600 (hora de verano central)"
"3763","PRIMO REYES LOZANO","REAL DE LA ARBOLEDA MZNA 380","COAHUILA","Fri Feb 13 1970 00:00:00 GMT-0600 (hora estándar central)"
"3832","FABIÁN DURÁN CARMONA","SUR 67 MANZANA 4","MORELOS","Mon Sep 21 1970 00:00:00 GMT-0600 (hora estándar central)"
"3838","NICANOR RAMÍREZ MARTÍN","ESMERALDA MANZANA 686","QUERÉTARO","Sat Jun 18 1983 00:00:00 GMT-0600 (hora estándar central)"
"3864","CONRADO PARRA ÁLVAREZ","ORIENTE 163 NÚMERO 444","SINALOA","Thu Oct 17 1968 00:00:00 GMT-0600 (hora de verano central)"
"3929","CECILIA HERRERA BLESA","ADRIANA MZNA 167","CHIAPAS","Wed Jul 09 1969 00:00:00 GMT-0600 (hora de verano central)"
"3934","ADOLFO VICENTE GARRIDO","AV. ALTILLO MANZANA 127","AGUASCALIENTES","Tue Dec 22 1970 00:00:00 GMT-0600 (hora estándar central)"
"3943","ELENA GUTIÉRREZ NAVARRO","CERRO DE LAS PALOMAS MZNA 371","ZACATECAS","Wed Jul 21 1982 00:00:00 GMT-0600 (hora estándar central)"
"4050","CELSO GUTIÉRREZ IBÁÑEZ","ISABEL LA CATOLICA NO. 429","MICHOACÁN","Thu Jan 23 1964 00:00:00 GMT-0600 (hora estándar central)"
"4054","LINO PRIETO MUÑOZ","RICARDO FLORES MAGON MANZANA 295","OAXACA","Tue May 26 1981 00:00:00 GMT-0600 (hora estándar central)"
"4086","ADELA CALVO CARRASCO","CALLE CUAUHTEMOC NÚMERO 292","ZACATECAS","Sat Aug 14 1954 00:00:00 GMT-0600 (hora de verano central)"
"4100","VALENTÍN DOMÍNGUEZ LÓPEZ","PROL AHUEJOTES NÚMERO 273","YUCATÁN","Thu May 22 1975 00:00:00 GMT-0600 (hora estándar central)"
"4134","MARTÍN PARRA ROMÁN","NEZAHUALCOYOTL MZNA 593","TAMAULIPAS","Mon Oct 17 1966 00:00:00 GMT-0600 (hora de verano central)"
"4150","SOLEDAD REY RUIZ","HERNAN DE SOTO MANZANA 543","CDMX","Tue Jul 13 1993 00:00:00 GMT-0600 (hora estándar central)"
"4173","LOURDES MOLINA RAMÍREZ","MANUEL GUTIERREZ NAJERA NO. 511","MICHOACÁN","Sun Jun 19 1966 00:00:00 GMT-0600 (hora de verano central)"
"4194","AMBROSIO VELASCO CANO","AV VICENTE RIVA PALACIO NUM. 65","MORELOS","Thu Jul 07 1960 00:00:00 GMT-0600 (hora de verano central)"
"4232","MARTÍN MONTERO DELGADO","CALLE LAZARO CARDENAS MZNA 630","YUCATÁN","Fri Jan 07 1983 00:00:00 GMT-0600 (hora estándar central)"
"4245","ANSELMO ROMÁN PEÑA","GABRIEL RAMOS MILLAN MZNA 405","NAYARIT","Mon Mar 21 1983 00:00:00 GMT-0600 (hora estándar central)"
"4296","DIMAS CABALLERO SÁNCHEZ","HUERTAS MANZANA 236","TLAXCALA","Sat Dec 16 1995 00:00:00 GMT-0600 (hora estándar central)"
"4388","LEANDRO SANTOS AGUILAR","MANUEL PELAEZ NÚMERO 285","QUINTANA ROO","Mon Nov 28 1966 00:00:00 GMT-0600 (hora estándar central)"
"4418","TEODORA SANTIAGO GÓMEZ","ANDADOR DE LA ESMERALDA NUM. 490","SINALOA","Thu Aug 11 1955 00:00:00 GMT-0600 (hora de verano central)"
"4474","CRISTÓBAL ROMÁN MUÑOZ","JUAN ALDAMA NO. 671","CHIHUAHUA","Tue Jun 21 1977 00:00:00 GMT-0600 (hora estándar central)"
"4525","BEGOÑA PÉREZ CALVO","PENNSYLVANIA NUM. 786","NUEVO LEÓN","Wed Apr 17 1968 00:00:00 GMT-0600 (hora de verano central)"
"4527","BERNARDA GUERRERO ORTIZ","PIEDRAS NEGRAS NÚMERO 75","MORELOS","Wed Sep 21 1994 00:00:00 GMT-0600 (hora estándar central)"
"4544","CARINA GIMÉNEZ CALVO","CALLE MONTEALEGRE NUM. 649","ZACATECAS","Thu Aug 25 1960 00:00:00 GMT-0600 (hora de verano central)"
"4633","CAYETANO CORTÉS LORENZO","LAGUNA DE TERMINOS NÚMERO 739","SONORA","Mon Oct 13 1975 00:00:00 GMT-0600 (hora estándar central)"
"4717","NOELIA GIMÉNEZ TORRES","CALLE DE MINAS NO. 170","OAXACA","Sun Jul 22 1979 00:00:00 GMT-0600 (hora estándar central)"
"4759","LINO CABRERA BRAVO","VALLE PASSOS MZNA 303","NAYARIT","Sun Aug 01 1971 00:00:00 GMT-0600 (hora estándar central)"
"4811","FRANCISCA FERNÁNDEZ MARTÍN","VICTORIANO SALADO ALVAREZ NÚMERO 418","YUCATÁN","Sun Sep 24 1978 00:00:00 GMT-0600 (hora estándar central)"
"4987","SIMEÓN SANTANA MUÑOZ","MORELOS MZNA 313","NAYARIT","Tue Sep 08 1992 00:00:00 GMT-0600 (hora estándar central)"
"4990","MARIO BRAVO DELGADO","MONROVIA MANZANA 788","TLAXCALA","Wed Feb 05 1975 00:00:00 GMT-0600 (hora estándar central)"
"5077","ESDRAS FLORES GALLEGO","MIERES MANZANA 141","ZACATECAS","Mon May 13 1991 00:00:00 GMT-0600 (hora estándar central)"
"5148","EDUARDO PARRA NÚÑEZ","CALLE DE MINAS NÚMERO 388","OAXACA","Fri Dec 15 1961 00:00:00 GMT-0600 (hora estándar central)"
"5187","ODÓN CARMONA BENÍTEZ","EUFEMIO ARREDONDO NO. 325","NAYARIT","Sun Feb 07 1982 00:00:00 GMT-0600 (hora estándar central)"
"5268","HILARIÓN BRAVO GALLARDO","COPA DE ORO NO. 266","TABASCO","Thu Jun 21 1984 00:00:00 GMT-0600 (hora estándar central)"
"5282","LUIS FERRER SÁNCHEZ","BLVD. ADOLFO LOPEZ MATEOS MZNA 502","BAJA CALIFORNIA","Sun Oct 23 1955 00:00:00 GMT-0600 (hora de verano central)"
"5298","ALIPIO ARIAS CANO","AV MEXICO MZNA 794","TAMAULIPAS","Wed Nov 14 1984 00:00:00 GMT-0600 (hora estándar central)"
"5310","JACOBO FERRER MONTERO","ESMERALDA NÚMERO 551","NAYARIT","Tue Oct 13 1959 00:00:00 GMT-0600 (hora de verano central)"
"5347","ALEJANDRA LORENZO CAMPOS","CERRO DE LAS PALOMAS NO. 745","ZACATECAS","Tue May 07 1991 00:00:00 GMT-0600 (hora estándar central)"
"5358","BENITO PÉREZ MEDINA","ORIENTE NO. 323","ZACATECAS","Tue Oct 15 1985 00:00:00 GMT-0600 (hora estándar central)"
"5395","ÁNGELA MOYA ALONSO","3ERA. CERRADA DE COPAL NO. 552","SONORA","Sun Oct 23 1988 00:00:00 GMT-0600 (hora estándar central)"
"5411","ROCÍO GÓMEZ PASTOR","RANCHO SAN LORENZO MZNA 735","YUCATÁN","Fri Nov 18 1994 00:00:00 GMT-0600 (hora estándar central)"
"5527","LEOPOLDO CANO PRIETO","LEONARDO DA VINCI NÚMERO 383","HIDALGO","Tue Apr 25 1972 00:00:00 GMT-0600 (hora estándar central)"
"5528","CONRADO CABALLERO RUBIO","LERDO NUM. 227","SONORA","Mon Dec 06 1976 00:00:00 GMT-0600 (hora estándar central)"
"5535","ALBINA AGUILAR PÉREZ","SANTA ANA NO. 468","ZACATECAS","Tue Feb 14 1961 00:00:00 GMT-0600 (hora estándar central)"
"5631","GLORIA FLORES CALVO","PRIVADA DE HIPODROMO NÚMERO 590","BAJA CALIFORNIA","Tue Jun 10 1986 00:00:00 GMT-0600 (hora estándar central)"
"5646","SALVADOR DOMÍNGUEZ ARIAS","GUERRILLERA NÚMERO 775","SINALOA","Tue Aug 22 1972 00:00:00 GMT-0600 (hora estándar central)"
"5673","LADISLAO NAVARRO MOLINA","ADELAIDA NO. 581","AGUASCALIENTES","Tue Mar 23 1982 00:00:00 GMT-0600 (hora estándar central)"
"5771","CARLOS IGLESIAS DELGADO","C. JOSE SANCHEZ TINOCO MANZANA 698","SAN LUIS POTOSÍ","Tue Jun 15 1976 00:00:00 GMT-0600 (hora estándar central)"
"5802","HONORATO DOMÍNGUEZ VÁZQUEZ","AV. RIO CHURUBUSCO NO. 416","NUEVO LEÓN","Mon Mar 23 1987 00:00:00 GMT-0600 (hora estándar central)"
"5819","GERARDO GALLARDO MÁRQUEZ","HDA DE JILOTEPC NO. 294","BAJA CALIFORNIA","Wed Dec 07 1977 00:00:00 GMT-0600 (hora estándar central)"
"5827","DAVID TORRES MARÍN","BOSQUES DE BRUSELAS NO. 446","PUEBLA","Sun Feb 04 1968 00:00:00 GMT-0600 (hora estándar central)"
"5967","JOSUÉ SANTANA GONZÁLEZ","VILLA DE CUITLAHUAC NO. 733","CDMX","Wed Jan 04 1956 00:00:00 GMT-0600 (hora estándar central)"
"5988","ALICIA PRIETO LORENZO","ANANTLI MANZANA 255","SAN LUIS POTOSÍ","Mon Sep 16 1974 00:00:00 GMT-0600 (hora estándar central)"
"6032","SILVIA DOMÍNGUEZ DÍAZ","ANDADOR 16 NUM. 528","SINALOA","Thu Oct 25 1979 00:00:00 GMT-0600 (hora estándar central)"
"6048","JONATHAN GALLARDO IBÁÑEZ","CDA. MANZANO MZNA 207","CAMPECHE","Sat May 12 1956 00:00:00 GMT-0600 (hora de verano central)"
"6098","AGUSTÍN HERNÁNDEZ DOMÍNGUEZ","ROA BARCENAS MZNA 510","COAHUILA","Sun Nov 26 1961 00:00:00 GMT-0600 (hora estándar central)"
"6166","CIRINO MOLINA PÉREZ","PALMERAS MZNA 144","MICHOACÁN","Sat Feb 10 1968 00:00:00 GMT-0600 (hora estándar central)"
"6168","LORENA ÁLVAREZ GIMÉNEZ","AGRICULTURA NO. 686","CHIAPAS","Tue May 05 1992 00:00:00 GMT-0600 (hora estándar central)"
"6176","ANANÍAS MARTÍNEZ PASTOR","SN.MARCOS Y LAS AMERICAS MZNA 488","ZACATECAS","Sun Nov 26 1989 00:00:00 GMT-0600 (hora estándar central)"
"6187","ASCENSIÓN CALVO ARIAS","AMEZQUITE NO. 249","VERACRUZ","Wed Mar 05 1980 00:00:00 GMT-0600 (hora estándar central)"
"6193","JOSEFA ARIAS ORTEGA","PUERTO MARQUEZ NÚMERO 791","GUANAJUATO","Sun Jul 22 1956 00:00:00 GMT-0600 (hora de verano central)"
"6258","OTO MEDINA CANO","PASEO DE LOS CHOPOS MZNA 373","AGUASCALIENTES","Tue Oct 08 1968 00:00:00 GMT-0600 (hora de verano central)"
"6300","LÁZARO SUÁREZ DÍAZ","ZEMPOALTEPETL MANZANA 102","MORELOS","Sun Aug 03 1958 00:00:00 GMT-0600 (hora de verano central)"
"6314","JONATHAN DÍEZ ORTIZ","AHUACATL NUM. 158","AGUASCALIENTES","Thu Aug 02 1956 00:00:00 GMT-0600 (hora de verano central)"
"6401","JOEL SOTO GIL","MARINO MOSCO NÚMERO 613","SAN LUIS POTOSÍ","Mon Sep 10 1956 00:00:00 GMT-0600 (hora de verano central)"
"6591","SOLEDAD GIL NÚÑEZ","PRIMERA CERRADA DE LAS ROSAS NÚMERO 232","GUANAJUATO","Sat May 13 1978 00:00:00 GMT-0600 (hora estándar central)"
"6626","EMILIO MARTÍNEZ HERRERA","DECORADO MZNA 8","HIDALGO","Sun Feb 25 1962 00:00:00 GMT-0600 (hora estándar central)"
"6685","LÁZARO BLANCO VEGA","CALLE PASO SOMOSIERRA NO. 705","DURANGO","Fri May 05 1972 00:00:00 GMT-0600 (hora estándar central)"
"6696","ADÁN IBÁÑEZ CALVO","SEBASTIAN L TEJADA NUM. 742","CAMPECHE","Mon Feb 17 1969 00:00:00 GMT-0600 (hora estándar central)"
"6816","GUILLERMO SANTOS GIMÉNEZ","MAR DE LAS TEMPESTADES NÚMERO 156","CHIAPAS","Wed Feb 24 1965 00:00:00 GMT-0600 (hora estándar central)"
"6893","NATIVIDAD CARRASCO RUIZ","FRACCIONAMIENTO LAS ARBOLEDAS NO. 608","NAYARIT","Mon Jan 20 1969 00:00:00 GMT-0600 (hora estándar central)"
"6926","NOELIA ALONSO GALLARDO","FRANCISCO VILLA NO. 137","TABASCO","Thu Nov 09 1967 00:00:00 GMT-0600 (hora estándar central)"
"6954","REINALDO HERRERA MORA","HIDALGO NO. 136","ZACATECAS","Wed Aug 16 1989 00:00:00 GMT-0600 (hora estándar central)"
"7017","ISIDRO SANZ TORRES","HUERTAS MANZANA 469","HIDALGO","Tue Feb 15 1966 00:00:00 GMT-0600 (hora estándar central)"
"7055","ANASTASIA CABRERA CAMPOS","CALLE 5 DE MAYO MZNA 360","ESTADO DE MÉXICO","Mon Jan 23 1995 00:00:00 GMT-0600 (hora estándar central)"
"7153","DOROTEA RODRÍGUEZ RAMOS","AV. QUERETARO NÚMERO 721","CHIAPAS","Sun Dec 21 1975 00:00:00 GMT-0600 (hora estándar central)"
"7217","FRANCESC BENÍTEZ DÍEZ","ROA BARCENAS NÚMERO 493","PUEBLA","Thu May 26 1983 00:00:00 GMT-0600 (hora estándar central)"
"7237","ESIQUIO VICENTE ARIAS","CAMPESINOS NÚMERO 593","SAN LUIS POTOSÍ","Fri Oct 13 1995 00:00:00 GMT-0600 (hora estándar central)"
"7248","RENATO REYES CABRERA","BRUSELAS MANZANA 39","CHIAPAS","Sat Feb 09 1991 00:00:00 GMT-0600 (hora estándar central)"
"7322","ELISEO NIETO GONZÁLEZ","CALZ. DESIERTO DE LOS LEONES MZNA 598","NUEVO LEÓN","Wed Feb 15 1961 00:00:00 GMT-0600 (hora estándar central)"
"7341","RENATO SANTIAGO MÁRQUEZ","CTO. LAZARO CARDENAS MANZANA 129","MICHOACÁN","Thu Oct 03 1974 00:00:00 GMT-0600 (hora estándar central)"
"7416","DOMINGO CABRERA RUIZ","LOMA DEL GALLO NÚMERO 636","QUINTANA ROO","Mon May 16 1983 00:00:00 GMT-0600 (hora estándar central)"
"7483","FACUNDO MORA LOZANO","CALLE10 DE ABRIL MANZANA 436","ESTADO DE MÉXICO","Thu Dec 11 1986 00:00:00 GMT-0600 (hora estándar central)"
"7519","ÁNGEL CABALLERO RUIZ","AV. CRISTOBAL HIDALGO MANZANA 733","AGUASCALIENTES","Thu Aug 04 1966 00:00:00 GMT-0600 (hora de verano central)"
"7523","ANDREA MORA VÁZQUEZ","COPA DE ORO NÚMERO 35","YUCATÁN","Fri Jun 01 1979 00:00:00 GMT-0600 (hora estándar central)"
"7580","NORBERTO LÓPEZ CRESPO","SUR 113 A NÚMERO 103","QUERÉTARO","Sun Jun 07 1992 00:00:00 GMT-0600 (hora estándar central)"
"7605","MAXIMILIANO ORTEGA IBÁÑEZ","AV. UNIVERSIDAD NÚMERO 432","VERACRUZ","Sun Jul 02 1972 00:00:00 GMT-0600 (hora estándar central)"
"7712","REINALDO DÍAZ GONZÁLEZ","AVENIDA SAUCES NUM. 266","CHIAPAS","Wed Oct 10 1956 00:00:00 GMT-0600 (hora de verano central)"
"7731","EUGENIO VICENTE GIMÉNEZ","INDUSTRIA MANUFACTURERA MANZANA 227","CDMX","Tue May 11 1965 00:00:00 GMT-0600 (hora de verano central)"
"7767","EMILIO ROMERO MÉNDEZ","HOMBRES ILUSTRES NUM. 558","CDMX","Tue May 06 1969 00:00:00 GMT-0600 (hora de verano central)"
"7773","OLGA PÉREZ GUERRERO","CALLE ZARAGOZA NUM. 70","CHIHUAHUA","Wed Nov 04 1992 00:00:00 GMT-0600 (hora estándar central)"
"7862","BONIFACIO BENÍTEZ RUIZ","PROLON BUENOS AIRES MZNA 428","CDMX","Mon Dec 07 1970 00:00:00 GMT-0600 (hora estándar central)"
"7867","AITOR GONZÁLEZ GIMÉNEZ","UN HAB FUENTES BROTANTES NO. 345","MICHOACÁN","Wed Apr 19 1978 00:00:00 GMT-0600 (hora estándar central)"
"7978","OSCAR PARRA ARIAS","ANDADOR ANTONIO RULLAN FERRER NUM. 421","CHIHUAHUA","Wed Aug 14 1963 00:00:00 GMT-0600 (hora de verano central)"
"8032","CATALINA REYES VICENTE","CERRO DOS CONEJOS MANZANA 489","ESTADO DE MÉXICO","Sat Oct 03 1959 00:00:00 GMT-0600 (hora de verano central)"
"8078","BRUNO GONZÁLEZ MONTERO","SANTA MARIA NO. 230","COAHUILA","Tue Jan 14 1986 00:00:00 GMT-0600 (hora estándar central)"
"8092","VICTORIO GÓMEZ ORTEGA","CARRETERA PEREZ GASGA NÚMERO 177","VERACRUZ","Fri Dec 27 1963 00:00:00 GMT-0600 (hora estándar central)"
"8127","LEOPOLDO MOLINA ROMÁN","ESTRELLA NO. 737","CHIHUAHUA","Mon Jun 18 1990 00:00:00 GMT-0600 (hora estándar central)"
"8171","FEDERICO GALLARDO NAVARRO","RETORNO 9 DE TRONCOSO MANZANA 503","AGUASCALIENTES","Sat Jun 03 1967 00:00:00 GMT-0600 (hora de verano central)"
"8183","CONSUELO IBÁÑEZ PRIETO","VILLA DE LAS FLORES NO. 70","JALISCO","Wed Nov 02 1994 00:00:00 GMT-0600 (hora estándar central)"
"8250","LIDIA PEÑA VÁZQUEZ","CALZADA DE LA ROMERIA NÚMERO 283","ESTADO DE MÉXICO","Tue Jul 23 1985 00:00:00 GMT-0600 (hora estándar central)"
"8299","TITO CORTÉS CALVO","PONIENTE 22 MZNA 265","TABASCO","Tue Mar 02 1954 00:00:00 GMT-0600 (hora estándar central)"
"8413","ADRIÁN MÉNDEZ SÁEZ","AILE NUM. 115","YUCATÁN","Mon Jul 04 1977 00:00:00 GMT-0600 (hora estándar central)"
"8483","SEVERINO ORTEGA SANTIAGO","ZEMPOALTEPETL MANZANA 439","TABASCO","Thu Dec 14 1978 00:00:00 GMT-0600 (hora estándar central)"
"8486","TOBÍAS VARGAS DÍAZ","CAMPO FLORIDO NO. 283","CAMPECHE","Tue Oct 17 1972 00:00:00 GMT-0600 (hora estándar central)"
"8503","ANIANO SUÁREZ VIDAL","NORTE 74 NUM. 659","DURANGO","Mon Aug 05 1968 00:00:00 GMT-0600 (hora de verano central)"
"8507","AARÓN DURÁN BLANCO","ARCO IRIS MANZANA 219","CDMX","Tue Jan 08 1985 00:00:00 GMT-0600 (hora estándar central)"
"8511","ADRIÁN DELGADO SÁEZ","PROL. LUCAS ALAMAN NO. 393","TLAXCALA","Sun Mar 25 1990 00:00:00 GMT-0600 (hora estándar central)"
"8514","EDGAR ÁLVAREZ CRESPO","LABORISTAS NÚMERO 306","GUANAJUATO","Mon May 24 1993 00:00:00 GMT-0600 (hora estándar central)"
"8516","AARÓN ARIAS GARCÍA","CALLEJON PACHECO MZNA 698","DURANGO","Sun Jun 22 1975 00:00:00 GMT-0600 (hora estándar central)"
"8526","CONRADO HERRERO RUBIO","CHIMALPOPOCA MANZANA 60","GUANAJUATO","Wed Sep 22 1971 00:00:00 GMT-0600 (hora estándar central)"
"8531","MILAGROS PEÑA SERRANO","CALLE GRANADAS NO. 213","JALISCO","Thu Mar 14 1968 00:00:00 GMT-0600 (hora estándar central)"
"8532","JAUME CABRERA PARRA","CALLE FRANCISCO I. MADERO MZNA 380","QUINTANA ROO","Wed Sep 15 1993 00:00:00 GMT-0600 (hora estándar central)"
"8537","BÁRBARA MÁRQUEZ SANTIAGO","HOMBRES ILUSTRES MZNA 316","COAHUILA","Mon Sep 28 1970 00:00:00 GMT-0600 (hora estándar central)"
"8544","AQUILES GALLARDO RAMÍREZ","PENNSYLVANIA NO. 362","PUEBLA","Sun Mar 15 1970 00:00:00 GMT-0600 (hora estándar central)"
"8548","ANNA ORTEGA REYES","FERNANDO MONTES DE OCA MZNA 360","SAN LUIS POTOSÍ","Sat Mar 14 1959 00:00:00 GMT-0600 (hora estándar central)"
"8552","CONRADO LOZANO VARGAS","BALVANERA NÚMERO 307","ZACATECAS","Tue Jan 19 1960 00:00:00 GMT-0600 (hora estándar central)"
"8557","FIDEL CARMONA VIDAL","CALLE GRANADAS MANZANA 797","MICHOACÁN","Sun Oct 02 1983 00:00:00 GMT-0600 (hora estándar central)"
"8563","INMACULADA LEÓN SUÁREZ","MANUEL ESPERON NUM. 773","NAYARIT","Sat Mar 22 1980 00:00:00 GMT-0600 (hora estándar central)"
"8571","ROSALIA ROMÁN PASTOR","PASEO DE LOS CHOPOS MANZANA 304","CAMPECHE","Sun May 05 1963 00:00:00 GMT-0600 (hora de verano central)"
"8574","ILDEFONSO RUIZ ALONSO","BRUSELAS NÚMERO 344","QUINTANA ROO","Sun May 26 1963 00:00:00 GMT-0600 (hora de verano central)"
"8587","CASIO MÉNDEZ GUTIÉRREZ","NULL NO. 27","AGUASCALIENTES","Thu Jul 15 1993 00:00:00 GMT-0600 (hora estándar central)"
"8617","EDUVIGIS ÁLVAREZ CABRERA","ALCANFORES NÚMERO 63","HIDALGO","Sun May 08 1994 00:00:00 GMT-0600 (hora estándar central)"
"8618","NICOLÁS FUENTES MUÑOZ","YUCATAN MANZANA 378","TAMAULIPAS","Thu Oct 08 1959 00:00:00 GMT-0600 (hora de verano central)"
"8633","URBANO CRUZ RUIZ","BOSQUES DE FELIPE NUM. 463","BAJA CALIFORNIA","Sat Oct 19 1991 00:00:00 GMT-0600 (hora estándar central)"
"8640","NIEVES VEGA MORALES","FRANCISCO DEL PASO Y TRONCOSO MANZANA 282","QUERÉTARO","Fri Dec 14 1984 00:00:00 GMT-0600 (hora estándar central)"
"8644","ROMÁN HERNÁNDEZ CARRASCO","AV VICENTE RIVA PALACIO NUM. 309","COAHUILA","Mon Jan 28 1980 00:00:00 GMT-0600 (hora estándar central)"
"8651","RITA CORTÉS GONZÁLEZ","NORTE 172 NUM. 214","CHIAPAS","Sat Nov 01 1975 00:00:00 GMT-0600 (hora estándar central)"
"8664","FULGENCIO AGUILAR GARRIDO","CALLE FLORES MAGON MANZANA 312","CAMPECHE","Thu Jan 27 1972 00:00:00 GMT-0600 (hora estándar central)"
"8673","TERESA LEÓN SÁEZ","LA VENTA CLAUSTRO TULIPANES MZNA 673","ZACATECAS","Wed Jan 11 1978 00:00:00 GMT-0600 (hora estándar central)"
"8677","NORBERTO HERRERA JIMÉNEZ","AGRICULTURA MZNA 473","JALISCO","Sun Sep 09 1979 00:00:00 GMT-0600 (hora estándar central)"
"8678","DONATO GUERRERO RAMOS","PROL TAMAURILPAS MZNA 776","OAXACA","Fri Dec 06 1991 00:00:00 GMT-0600 (hora estándar central)"
"8682","VENANCIO GUTIÉRREZ VICENTE","AGUILAS NO. 119","QUERÉTARO","Wed Oct 09 1974 00:00:00 GMT-0600 (hora estándar central)"
"8717","PÍO VARGAS GÓMEZ","CONSTITUCION NUM. 135","HIDALGO","Tue Apr 04 1961 00:00:00 GMT-0600 (hora de verano central)"
"8721","CLAUDIO SOLER HERRERA","CERRO CHURINTZIO MZNA 376","CHIHUAHUA","Mon Oct 16 1995 00:00:00 GMT-0600 (hora estándar central)"
"8724","LUZ PASTOR DÍAZ","GALEANA NUM. 703","CDMX","Mon Aug 28 1995 00:00:00 GMT-0600 (hora estándar central)"
"8728","LUCRECIA SANZ DELGADO","CDA. DE FRESNO NO. 595","CDMX","Thu Jan 04 1968 00:00:00 GMT-0600 (hora estándar central)"
"8744","TEODOSIA VÁZQUEZ NIETO","MARINO MOSCO NUM. 32","GUANAJUATO","Wed Mar 18 1987 00:00:00 GMT-0600 (hora estándar central)"
"8751","AURORA ROMÁN RUIZ","EMILIANO CARRANZA MZNA 322","BAJA CALIFORNIA","Fri Dec 28 1962 00:00:00 GMT-0600 (hora estándar central)"
"8757","ALEJO GARCÍA HERRERO","PONIENTE 22 MZNA 205","BAJA CALIFORNIA","Mon Sep 18 1978 00:00:00 GMT-0600 (hora estándar central)"
"8770","NIEVES VÁZQUEZ GIMÉNEZ","BALMACEDA MZNA 1","GUANAJUATO","Thu Apr 05 1990 00:00:00 GMT-0600 (hora estándar central)"
"8773","CASIMIRO VIDAL CALVO","20 DE NOVIEMBRE MZNA 131","AGUASCALIENTES","Thu Mar 07 1991 00:00:00 GMT-0600 (hora estándar central)"
"8775","WILFREDO RUBIO BLESA","PONIENTE 22 NUM. 30","JALISCO","Sun Sep 08 1991 00:00:00 GMT-0600 (hora estándar central)"
"8780","FRANCESC ORTEGA VIDAL","JUAN SANCHEZ AZCONA NÚMERO 334","TAMAULIPAS","Thu Jul 22 1965 00:00:00 GMT-0600 (hora de verano central)"
"8785","MÍRIAM MORA PÉREZ","TECNICOS Y MANUALES NO. 436","YUCATÁN","Sat Aug 06 1988 00:00:00 GMT-0600 (hora estándar central)"
"8799","GUADALUPE PASTOR ESTEBAN","NESMEL MANZANA 53","BAJA CALIFORNIA","Wed Jul 01 1987 00:00:00 GMT-0600 (hora estándar central)"
"8802","MARÍA MARÍN LEÓN","HACIENDA DE PEÑUELAS NUM. 347","CDMX","Wed Aug 17 1977 00:00:00 GMT-0600 (hora estándar central)"
"8803","JUAN REY LOZANO","CALLEJON ITURBE MANZANA 550","OAXACA","Wed May 04 1977 00:00:00 GMT-0600 (hora estándar central)"
"8807","FAUSTO PEÑA NÚÑEZ","VERIN MANZANA 186","OAXACA","Sun Nov 04 1962 00:00:00 GMT-0600 (hora estándar central)"
"8811","ANTERO VÁZQUEZ PEÑA","ROSAS NO. 164","NUEVO LEÓN","Fri Sep 07 1984 00:00:00 GMT-0600 (hora estándar central)"
"8814","ANTERO RAMÍREZ SANTANA","PLAN DE ATOTONILCO NUM. 580","SINALOA","Mon Oct 10 1977 00:00:00 GMT-0600 (hora estándar central)"
"8820","CLOTILDE IBÁÑEZ MORENO","CALLE CUAUHTEMOC MZNA 88","SONORA","Fri Feb 26 1954 00:00:00 GMT-0600 (hora estándar central)"
"8823","CARMELO TORRES IGLESIAS","CERRO CHURINTZIO NÚMERO 688","OAXACA","Thu Apr 10 1975 00:00:00 GMT-0600 (hora estándar central)"
"8824","CIRILO VELASCO LORENZO","FRESNOS MZNA 83","SAN LUIS POTOSÍ","Wed Jul 06 1983 00:00:00 GMT-0600 (hora estándar central)"
"8837","JAUME DURÁN ROMÁN","ANDADOR 2 DE COMPOSTELA NO. 146","ESTADO DE MÉXICO","Tue Jan 04 1977 00:00:00 GMT-0600 (hora estándar central)"
"8842","BLAS SANTOS MOLINA","ALFONSO XIII MZNA 430","OAXACA","Sun Apr 01 1990 00:00:00 GMT-0600 (hora estándar central)"
"8898","BÁRBARA GUTIÉRREZ MONTORO","AGUILAS NÚMERO 759","TAMAULIPAS","Sat May 21 1977 00:00:00 GMT-0600 (hora estándar central)"
"8907","OTILIA NIETO PASTOR","AGUILAS MANZANA 84","MORELOS","Thu May 24 1979 00:00:00 GMT-0600 (hora estándar central)"
"8919","BELTRÁN PASTOR MOLINA","AGRICULTURA NÚMERO 399","NAYARIT","Mon Jan 22 1968 00:00:00 GMT-0600 (hora estándar central)"
"8928","PETRONILA CARRASCO CABALLERO","CERRADA DE CUAUHTEMOC NÚMERO 623","SAN LUIS POTOSÍ","Tue Apr 18 1995 00:00:00 GMT-0600 (hora estándar central)"
"8934","MARINA CANO NIETO","GUADALUPE VICTORIA NUM. 24","TLAXCALA","Wed Dec 26 1973 00:00:00 GMT-0600 (hora estándar central)"
"8937","SALVIO FLORES CANO","MARINO MOSCO MANZANA 275","TLAXCALA","Sat Feb 03 1962 00:00:00 GMT-0600 (hora estándar central)"
"8944","JAVIER SERRANO GALLEGO","BATALLA DE CALPULALPAN NUM. 497","AGUASCALIENTES","Sat Aug 20 1960 00:00:00 GMT-0600 (hora de verano central)"
"8959","ROQUE NIETO PÉREZ","ADELAIDA MANZANA 477","TABASCO","Sat Aug 20 1955 00:00:00 GMT-0600 (hora de verano central)"
"8984","ALEJANDRO CANO ESTEBAN","1RA CERRADA CAMINO NÚMERO 120","VERACRUZ","Thu Mar 28 1957 00:00:00 GMT-0600 (hora estándar central)"
"8985","SALVADOR NIETO PASCUAL","AV. CASTILLO DE CHAPULTEPEC NO. 578","HIDALGO","Tue Nov 16 1971 00:00:00 GMT-0600 (hora estándar central)"
"9007","AMARO NIETO MOYA","ACERCAMIENTO NACIONAL MANZANA 133","ZACATECAS","Fri Sep 21 1973 00:00:00 GMT-0600 (hora estándar central)"
"9022","ELENA FUENTES MORENO","BLVD. ADOLFO LOPEZ MATEOS NÚMERO 265","OAXACA","Sat Feb 01 1958 00:00:00 GMT-0600 (hora estándar central)"
"9025","NORBERTO IBÁÑEZ MOLINA","AV. PALMIRA NÚMERO 101","AGUASCALIENTES","Tue Jan 20 1976 00:00:00 GMT-0600 (hora estándar central)"
"9033","LUCANO RUIZ PASTOR","TIBURCIO MONTIEL MANZANA 268","ZACATECAS","Sun Apr 01 1973 00:00:00 GMT-0600 (hora estándar central)"
"9039","BRUNO MORENO LORENZO","AHUACATL NO. 32","MICHOACÁN","Fri Jul 02 1971 00:00:00 GMT-0600 (hora estándar central)"
"9044","CELINA DELGADO ALONSO","AV MEXICO MZNA 12","CHIHUAHUA","Wed Mar 24 1993 00:00:00 GMT-0600 (hora estándar central)"
"9046","ÁNGELES LORENZO MONTORO","5 DE MAYO NO. 731","QUERÉTARO","Wed Dec 17 1958 00:00:00 GMT-0600 (hora estándar central)"
"9052","NICODEMO RUBIO MARTÍNEZ","FERRARA MZNA 688","JALISCO","Fri Jan 20 1961 00:00:00 GMT-0600 (hora estándar central)"
"9056","DOLORES SANZ JIMÉNEZ","PARQUE MOLINO DE FLORES MANZANA 20","ESTADO DE MÉXICO","Fri Oct 23 1992 00:00:00 GMT-0600 (hora estándar central)"
"9059","CEFERINO RUBIO LORENZO","CARMEN SERDAN NÚMERO 615","JALISCO","Wed Sep 06 1961 00:00:00 GMT-0600 (hora de verano central)"
"9061","MOISÉS CALVO IBÁÑEZ","GUADALUPE VICTORIA NÚMERO 443","NUEVO LEÓN","Tue Jun 10 1980 00:00:00 GMT-0600 (hora estándar central)"
"9065","MATEO RUIZ BENÍTEZ","PEDRO RAMIREZ DEL CASTILLO NUM. 259","NAYARIT","Thu May 17 1990 00:00:00 GMT-0600 (hora estándar central)"
"9068","BENITO NÚÑEZ NÚÑEZ","BULEVARD DE LA HACIENDA NUM. 505","VERACRUZ","Sun Oct 05 1958 00:00:00 GMT-0600 (hora de verano central)"
"9083","FEDERICO MEDINA SÁEZ","ALCANFORES MANZANA 440","MORELOS","Sat Apr 26 1980 00:00:00 GMT-0600 (hora estándar central)"
"9084","DOLORES DOMÍNGUEZ HERRERA","TABASCO NUM. 293","YUCATÁN","Fri Apr 17 1964 00:00:00 GMT-0600 (hora de verano central)"
"9086","NATALIA REY PRIETO","GUIPUZCOA NUM. 516","SONORA","Sat May 01 1982 00:00:00 GMT-0600 (hora estándar central)"
"9108","BELÉN HIDALGO VICENTE","YUCATAN MZNA 318","JALISCO","Thu Aug 15 1991 00:00:00 GMT-0600 (hora estándar central)"
"9121","ROSARIO HERRERO GUTIÉRREZ","PRIVADA DE HIPODROMO NUM. 594","MICHOACÁN","Tue Mar 20 1962 00:00:00 GMT-0600 (hora estándar central)"
"9132","JOEL PASTOR CARRASCO","LAGO GARDA MANZANA 674","VERACRUZ","Thu Jul 28 1988 00:00:00 GMT-0600 (hora estándar central)"
"9135","COLUMBA MONTERO MEDINA","AV. CASTILLO DE CHAPULTEPEC NUM. 412","NAYARIT","Sat Jul 16 1977 00:00:00 GMT-0600 (hora estándar central)"
"9152","MELCHOR ARIAS PASTOR","CARMEN SERDAN MZNA 329","OAXACA","Sun Apr 10 1960 00:00:00 GMT-0600 (hora de verano central)"
"9158","LUCIANO PASTOR MARTÍNEZ","FRANCISCO JAVIER MINA NO. 377","TABASCO","Wed Apr 25 1962 00:00:00 GMT-0600 (hora de verano central)"
"9162","ALONSO PASTOR ESTEBAN","CDA. DE FRESNO MZNA 458","TLAXCALA","Tue Jul 21 1964 00:00:00 GMT-0600 (hora de verano central)"
"9170","MELCHOR SERRANO FLORES","MONTE ALBAN NO. 230","PUEBLA","Sun Feb 25 1968 00:00:00 GMT-0600 (hora estándar central)"
"9171","MÍRIAM CABALLERO CASTRO","BUENA VISTA NO. 691","QUERÉTARO","Sun Nov 27 1988 00:00:00 GMT-0600 (hora estándar central)"
"9173","ALFONSO SUÁREZ MOYA","FERRARA MZNA 612","AGUASCALIENTES","Sun Jul 22 1956 00:00:00 GMT-0600 (hora de verano central)"
"9178","DONATO MEDINA CASTILLO","CARMEN SERDAN NÚMERO 634","AGUASCALIENTES","Wed Jul 12 1972 00:00:00 GMT-0600 (hora estándar central)"
"9186","BONIFACIO GIMÉNEZ GIL","FRANCISCO SARABIA NÚMERO 92","VERACRUZ","Sun May 09 1965 00:00:00 GMT-0600 (hora de verano central)"
"9201","ELENA FERNÁNDEZ HERRERO","CARRETERA COSTERA NÚMERO 706","QUERÉTARO","Wed Apr 01 1964 00:00:00 GMT-0600 (hora estándar central)"
"9208","WILFREDO VICENTE HIDALGO","CARMEN SERDAN MANZANA 312","PUEBLA","Sat Dec 16 1989 00:00:00 GMT-0600 (hora estándar central)"
"9211","FIDEL SÁEZ SANZ","FRANCISCO LEIVA NUM. 583","SAN LUIS POTOSÍ","Fri Feb 11 1966 00:00:00 GMT-0600 (hora estándar central)"
"9223","ARTEMIO MÉNDEZ SÁEZ","PATRICIO SANZ MZNA 229","CHIAPAS","Tue Mar 02 1976 00:00:00 GMT-0600 (hora estándar central)"
"9224","ADOLFO MARTÍNEZ MÁRQUEZ","CITILCUN NUM. 507","PUEBLA","Mon Sep 20 1993 00:00:00 GMT-0600 (hora estándar central)"
"9227","CASIO BLESA GALLARDO","ANDADOR PUENTE MONZON NÚMERO 41","GUANAJUATO","Sat Mar 13 1976 00:00:00 GMT-0600 (hora estándar central)"
"9229","ABSALÓN PARRA FLORES","PORTO ALEGRE MZNA 215","BAJA CALIFORNIA","Thu Feb 10 1994 00:00:00 GMT-0600 (hora estándar central)"
"9232","CAYETANO MARTÍNEZ MONTERO","PRIMERA AVENIDA MANZANA 371","NAYARIT","Tue May 15 1973 00:00:00 GMT-0600 (hora estándar central)"
"9233","GUIDO SANTIAGO CRUZ","ADELAIDA NO. 629","NUEVO LEÓN","Mon Jun 09 1980 00:00:00 GMT-0600 (hora estándar central)"
"9241","JUAN SANTIAGO IBÁÑEZ","QUETZALCOATL MZNA 651","NUEVO LEÓN","Fri Dec 08 1972 00:00:00 GMT-0600 (hora estándar central)"
"9255","GENOVEVA MORENO PARRA","CDA QUINTANA ROO NO. 203","AGUASCALIENTES","Sat Feb 01 1969 00:00:00 GMT-0600 (hora estándar central)"
"9258","MARC GARCÍA ROMERO","STA. CLARA II MANZANA 441","CHIHUAHUA","Fri May 14 1971 00:00:00 GMT-0600 (hora estándar central)"
"9272","PROBO PRIETO BLESA","CHICOASEN NÚMERO 302","YUCATÁN","Mon Nov 21 1994 00:00:00 GMT-0600 (hora estándar central)"
"9296","EVA RUBIO SERRANO","OBRERO MUNDIAL NO. 261","AGUASCALIENTES","Fri Apr 28 1967 00:00:00 GMT-0600 (hora de verano central)"
"9297","BLANCA MORALES NAVARRO","AGUILAS MZNA 787","HIDALGO","Sun Mar 20 1983 00:00:00 GMT-0600 (hora estándar central)"
"9302","JUAN CASTRO VICENTE","CERRO DE LAS PALOMAS NO. 511","GUANAJUATO","Mon Jan 01 1973 00:00:00 GMT-0600 (hora estándar central)"
"9311","ZACARÍAS RAMÍREZ GARCÍA","AILE NÚMERO 180","ZACATECAS","Thu Mar 18 1965 00:00:00 GMT-0600 (hora estándar central)"
"9317","PEDRO DURÁN CRESPO","POLYUC NO. 317","COAHUILA","Sun Aug 21 1994 00:00:00 GMT-0600 (hora estándar central)"
"9324","TARSICIO CARRASCO GUERRERO","JOAQUIN GARCIA LUNA NO. 664","SAN LUIS POTOSÍ","Sun May 02 1971 00:00:00 GMT-0600 (hora estándar central)"
"9331","ARTURO RUIZ CALVO","BARRIO DE SAN JOSÉ MZNA 577","CDMX","Sat Mar 12 1994 00:00:00 GMT-0600 (hora estándar central)"
"9332","PURIFICACIÓN JIMÉNEZ CRESPO","2 AVENIDA SUR NÚMERO 699","PUEBLA","Sun Jan 20 1980 00:00:00 GMT-0600 (hora estándar central)"
"9344","LEONCIO CASTILLO NIETO","25 DE FEBRERO DE 1861 NÚMERO 710","OAXACA","Fri Jun 24 1955 00:00:00 GMT-0600 (hora de verano central)"
"9348","FAUSTINO RAMOS GÓMEZ","PASEO DE LOS CHOPOS NUM. 82","SONORA","Fri Aug 01 1958 00:00:00 GMT-0600 (hora de verano central)"
"9369","CÁNDIDA HIDALGO CARRASCO","MESETA MZNA 248","VERACRUZ","Sat Feb 12 1977 00:00:00 GMT-0600 (hora estándar central)"
"9378","HERIBERTO MÁRQUEZ CABALLERO","ARTEMISAS NUM. 527","SONORA","Fri Sep 05 1969 00:00:00 GMT-0600 (hora de verano central)"
"9380","BLANCA IBÁÑEZ IGLESIAS","CRISTOBAL COLON NÚMERO 323","QUINTANA ROO","Sun Nov 11 1990 00:00:00 GMT-0600 (hora estándar central)"
"9391","OTILIA VÁZQUEZ GIMÉNEZ","LA VENTA CLAUSTRO TULIPANES MZNA 683","JALISCO","Wed Apr 14 1993 00:00:00 GMT-0600 (hora estándar central)"
"9395","ADRIÁN HERRERO CASTRO","AVENIDA SAN JERONIMO NÚMERO 376","JALISCO","Fri Jan 14 1977 00:00:00 GMT-0600 (hora estándar central)"
"9416","ALBERT CARMONA HERNÁNDEZ","HDA DE JILOTEPC NUM. 325","QUINTANA ROO","Thu Jun 27 1974 00:00:00 GMT-0600 (hora estándar central)"
"9424","LUIS PARRA LOZANO","MUNICIPIO LIBRE NUM. 265","JALISCO","Sun May 11 1969 00:00:00 GMT-0600 (hora de verano central)"
"9427","LEONARDO ORTIZ RODRÍGUEZ","EXCONVENTO DE CHURUBUSCO NÚMERO 698","CDMX","Tue Dec 04 1962 00:00:00 GMT-0600 (hora estándar central)"
"9440","GABRIEL GALLARDO NIETO","AV SANTA MARIA NO. 536","PUEBLA","Sun Jul 05 1992 00:00:00 GMT-0600 (hora estándar central)"
"9459","JAIME MORENO DÍEZ","PRIV. JESUS LECUONA MZNA 133","BAJA CALIFORNIA","Thu May 02 1963 00:00:00 GMT-0600 (hora de verano central)"
"9464","VICENTA SANTANA CASTRO","AV. LA HUERTA MANZANA 98","GUANAJUATO","Thu Aug 21 1958 00:00:00 GMT-0600 (hora de verano central)"
"9477","MATILDE SÁEZ JIMÉNEZ","CITILCUN NÚMERO 578","QUINTANA ROO","Sun Apr 01 1990 00:00:00 GMT-0600 (hora estándar central)"
"9483","RICARDO MORALES DOMÍNGUEZ","REPUBLICA DE CHILE NÚMERO 382","BAJA CALIFORNIA","Sun Aug 18 1991 00:00:00 GMT-0600 (hora estándar central)"
"9490","LOURDES VEGA REY","FRESNO NUM. 160","TAMAULIPAS","Mon Jan 21 1980 00:00:00 GMT-0600 (hora estándar central)"
"9497","JERÓNIMO HIDALGO DÍEZ","HERIBERTO FRIAS NÚMERO 559","TAMAULIPAS","Sun Dec 05 1971 00:00:00 GMT-0600 (hora estándar central)"
"9501","CIRO CARRASCO PASCUAL","DISTRITO EL PLAN NÚMERO 30","NUEVO LEÓN","Sat Jun 06 1981 00:00:00 GMT-0600 (hora estándar central)"