"cliente.idcliente","cliente.nombrecliente","cliente.direccion","cliente.estado","cliente.nacimiento"
"7051","CAYETANO SERRANO CRESPO","CALLE 1862 MZNA 44","DURANGO","Wed Mar 13 1985 00:00:00 GMT-0600 (hora estándar central)"
"7096","CRISTINA MONTORO MORENO","HUITZILIN MANZANA 204","PUEBLA","Thu Dec 01 1988 00:00:00 GMT-0600 (hora estándar central)"
"7117","PROBO VARGAS HERRERO","MANUEL GANDA NUM. 484","GUANAJUATO","Sun Feb 07 1993 00:00:00 GMT-0600 (hora estándar central)"
"7161","VALENTÍN REYES DÍAZ","CORUÑA MZNA 13","TABASCO","Mon Feb 07 1983 00:00:00 GMT-0600 (hora estándar central)"
"7198","LINO FERNÁNDEZ HERNÁNDEZ","JUAN ALDAMA NO. 187","ESTADO DE MÉXICO","Mon Mar 05 1990 00:00:00 GMT-0600 (hora estándar central)"
"7205","EDGAR SUÁREZ MONTERO","CERRO DE ZEMPOALA MANZANA 286","QUERÉTARO","Thu Apr 07 1994 00:00:00 GMT-0600 (hora estándar central)"
"7330","HÉCTOR CANO CANO","AV MEXICO NUM. 583","PUEBLA","Wed May 09 1990 00:00:00 GMT-0600 (hora estándar central)"
"7344","VELERIO PASCUAL LOZANO","PASEO DE LOS CHOPOS MANZANA 206","QUINTANA ROO","Mon Aug 01 1960 00:00:00 GMT-0600 (hora de verano central)"
"7352","TEODORA SANTANA RUBIO","CALLE ZARAGOZA NO. 91","TABASCO","Thu Aug 01 1991 00:00:00 GMT-0600 (hora estándar central)"
"7360","DARIO MARTÍN VELASCO","HIGUERA NUMERO MANZANA 212","CAMPECHE","Sat Jan 11 1969 00:00:00 GMT-0600 (hora estándar central)"
"7394","HUMBERTO AGUILAR SANTANA","GRAL. RINCON NO. 612","YUCATÁN","Sat Dec 12 1992 00:00:00 GMT-0600 (hora estándar central)"
"7417","ROCÍO SUÁREZ FERRER","BALMACEDA MZNA 170","NAYARIT","Wed Apr 14 1965 00:00:00 GMT-0600 (hora de verano central)"
"7485","FRANCISCA RUIZ BRAVO","C. JOSE FRANCISCO RUIZ MASSIEU MZNA 238","VERACRUZ","Sun Mar 06 1994 00:00:00 GMT-0600 (hora estándar central)"
"7488","MAURICIO CALVO LOZANO","DOCTOR MORA Y VALLE NUM. 618","COAHUILA","Sat Dec 25 1965 00:00:00 GMT-0600 (hora estándar central)"
"7535","SALVIO REY SANZ","CAOBAN NUM. 307","AGUASCALIENTES","Sat Aug 07 1976 00:00:00 GMT-0600 (hora estándar central)"
"7561","JOSEFA GIL DÍEZ","LERDO MANZANA 701","CHIAPAS","Wed May 20 1959 00:00:00 GMT-0600 (hora de verano central)"
"7590","MOHAMED DELGADO BRAVO","CDA. DE FRESNO NUM. 712","SINALOA","Sat Jun 07 1975 00:00:00 GMT-0600 (hora estándar central)"
"7665","CIRILO RAMOS ALONSO","CALLE DE MINAS MANZANA 231","CDMX","Sat Sep 24 1988 00:00:00 GMT-0600 (hora estándar central)"
"7719","AQUILES GONZÁLEZ LORENZO","AVENIDA SAUCES MZNA 311","NAYARIT","Sun Apr 08 1979 00:00:00 GMT-0600 (hora estándar central)"
"7760","CAYO HIDALGO CABALLERO","XICOTENCATL NUM. 752","CHIAPAS","Wed Jul 19 1961 00:00:00 GMT-0600 (hora de verano central)"
"7854","JONATHAN MÉNDEZ RUIZ","CDA DE MINAS NO. 410","SINALOA","Sun Oct 23 1960 00:00:00 GMT-0600 (hora de verano central)"
"7880","ISAÍAS SANZ PEÑA","LAGO BOLSENA MANZANA 110","PUEBLA","Sat Dec 17 1994 00:00:00 GMT-0600 (hora estándar central)"
"7887","JORGE BENÍTEZ MOYA","JOSE MARIA MORELOS MZNA 240","VERACRUZ","Tue Feb 21 1978 00:00:00 GMT-0600 (hora estándar central)"
"7906","EFRÉN JIMÉNEZ MORENO","CENZONTLE NUM. 363","MORELOS","Mon Jun 28 1993 00:00:00 GMT-0600 (hora estándar central)"
"7913","MARIANO DELGADO NÚÑEZ","ANTONIO VALERIANO MZNA 146","DURANGO","Thu Nov 06 1969 00:00:00 GMT-0600 (hora estándar central)"
"7936","MARGARITA DOMÍNGUEZ CABRERA","CERRADA DE CANAL NACIONAL NÚMERO 750","ZACATECAS","Fri Apr 28 1978 00:00:00 GMT-0600 (hora estándar central)"
"8002","ISMAEL LORENZO MOYA","GALDINO H CASADOS NUM. 444","MICHOACÁN","Tue Jan 08 1963 00:00:00 GMT-0600 (hora estándar central)"
"8008","GREGORIO REY MARÍN","AV. ALTILLO NÚMERO 432","CHIHUAHUA","Tue Aug 21 1990 00:00:00 GMT-0600 (hora estándar central)"
"8026","MARTA GÓMEZ CABALLERO","VISTA HERMOSA MZNA 489","TAMAULIPAS","Sun Jan 05 1958 00:00:00 GMT-0600 (hora estándar central)"
"8027","JONATHAN DELGADO CAMPOS","LLUVIA NÚMERO 387","GUERRERO","Sat Mar 12 1960 00:00:00 GMT-0600 (hora estándar central)"
"8069","ROSARIO GIL LORENZO","CALLE 24 NÚMERO 17","ZACATECAS","Wed Dec 08 1971 00:00:00 GMT-0600 (hora estándar central)"
"8082","OSEAS FERRER HERRERO","CALLE MELCHOR OCAMPO NÚMERO 210","AGUASCALIENTES","Sat Apr 26 1969 00:00:00 GMT-0600 (hora de verano central)"
"8102","FABIÁN MUÑOZ HERRERO","VILLA FRATI NÚMERO 108","VERACRUZ","Sat Aug 01 1981 00:00:00 GMT-0600 (hora estándar central)"
"8271","CALIXTO RODRÍGUEZ CARRASCO","ANDADOR PUENTE MONZON MANZANA 142","SONORA","Fri Oct 14 1983 00:00:00 GMT-0600 (hora estándar central)"
"8297","CESÁREO ORTEGA GUERRERO","LAGO MANAGUA MANZANA 462","GUERRERO","Fri Jul 15 1994 00:00:00 GMT-0600 (hora estándar central)"
"8298","TORIBIO DÍAZ BRAVO","AV. UNIVERSIDAD NO. 146","COAHUILA","Mon Mar 14 1977 00:00:00 GMT-0600 (hora estándar central)"
"8370","GUADALUPE GIL DOMÍNGUEZ","IZTACCIHUATL MANZANA 649","TAMAULIPAS","Wed Jun 17 1981 00:00:00 GMT-0600 (hora estándar central)"
"8408","COSME ROMERO DOMÍNGUEZ","AV. ALTILLO NUM. 308","AGUASCALIENTES","Mon Dec 27 1993 00:00:00 GMT-0600 (hora estándar central)"
"8434","LOURDES MORENO ARIAS","FRESNOS NUM. 551","PUEBLA","Fri Jun 20 1975 00:00:00 GMT-0600 (hora estándar central)"
"8445","BERNARDA MORENO PÉREZ","EMILIANO CARRANZA NÚMERO 601","ESTADO DE MÉXICO","Fri Aug 27 1965 00:00:00 GMT-0600 (hora de verano central)"
"8449","CONSTANTINO FERRER REYES","LOMBARDOS NUM. 244","PUEBLA","Thu Jun 22 1972 00:00:00 GMT-0600 (hora estándar central)"
"8599","DOMINGO VARGAS VÁZQUEZ","INDUSTRIA MANUFACTURERA MANZANA 523","BAJA CALIFORNIA","Tue Feb 24 1959 00:00:00 GMT-0600 (hora estándar central)"
"8635","SERGIO CAMPOS FERRER","CALLE 6 MZNA 249","QUERÉTARO","Thu Mar 25 1965 00:00:00 GMT-0600 (hora estándar central)"
"8706","RODRIGO ALONSO ÁLVAREZ","MUNICIPIO LIBRE NUM. 242","CAMPECHE","Mon Jan 19 1970 00:00:00 GMT-0600 (hora estándar central)"
"8875","FAUSTINO PARRA AGUILAR","CENZONTLE NO. 367","OAXACA","Fri Jan 06 1995 00:00:00 GMT-0600 (hora estándar central)"
"8899","ANNA CASTRO SOTO","MARIA ELENA SANDOVAL MZNA 492","HIDALGO","Mon Jun 07 1982 00:00:00 GMT-0600 (hora estándar central)"
"8966","TRINIDAD ORTEGA IBÁÑEZ","ATLETAS MANZANA 534","TABASCO","Fri Jan 27 1995 00:00:00 GMT-0600 (hora estándar central)"
"9021","CELIA ORTEGA CARMONA","PABLO ALVARADO MZNA 369","ZACATECAS","Mon Sep 01 1958 00:00:00 GMT-0600 (hora de verano central)"
"9049","ENRIQUE GUTIÉRREZ RUIZ","1A. CALLE SUR NÚMERO 538","CHIAPAS","Fri Nov 16 1990 00:00:00 GMT-0600 (hora estándar central)"
"9632","IRENEO PASTOR TORRES","PIEDRA CALIZA NUM. 765","ZACATECAS","Wed Jan 26 1972 00:00:00 GMT-0600 (hora estándar central)"
"9655","JUSTINO HERRERA REY","TEPETONGO NÚMERO 574","CHIHUAHUA","Sat Feb 20 1971 00:00:00 GMT-0600 (hora estándar central)"
"9660","HILARIÓN DÍEZ CRESPO","AHUACATL MZNA 770","CHIAPAS","Fri Nov 09 1984 00:00:00 GMT-0600 (hora estándar central)"
"9661","ÁNGELES MORENO HIDALGO","JESUS GARCIA MORALES NO. 208","MORELOS","Mon Oct 12 1959 00:00:00 GMT-0600 (hora de verano central)"
"9728","ALIPIO RUIZ LOZANO","BOULEVARD MALINTZI NUM. 521","CHIAPAS","Tue Jun 14 1988 00:00:00 GMT-0600 (hora estándar central)"
"9730","LEONCIO SÁEZ MÁRQUEZ","TENAYUCA NÚMERO 669","VERACRUZ","Sun Feb 12 1961 00:00:00 GMT-0600 (hora estándar central)"
"9752","ADÁN VIDAL VARGAS","AV. ERMITA NO. 433","QUERÉTARO","Wed Sep 21 1955 00:00:00 GMT-0600 (hora de verano central)"
"9801","FABIOLA NIETO CRESPO","CLAVELES NO. 433","OAXACA","Mon Dec 17 1984 00:00:00 GMT-0600 (hora estándar central)"
"9831","AURORA ROMÁN FLORES","BRUSELAS NÚMERO 515","TLAXCALA","Mon Feb 21 1983 00:00:00 GMT-0600 (hora estándar central)"
"9877","ALEJO NAVARRO LÓPEZ","BALMACEDA NO. 73","OAXACA","Fri Mar 01 1963 00:00:00 GMT-0600 (hora estándar central)"
"9924","CIRINO ARIAS CABALLERO","ARCO IRIS NÚMERO 300","TLAXCALA","Mon Aug 10 1981 00:00:00 GMT-0600 (hora estándar central)"
"9965","RODRIGO CASTRO CAMBIL","CECILIO ROBELO MZNA 540","VERACRUZ","Thu Dec 21 1989 00:00:00 GMT-0600 (hora estándar central)"
"10210","JAUME SÁNCHEZ ORTIZ","HUERTAS NÚMERO 691","JALISCO","Sat Sep 13 1958 00:00:00 GMT-0600 (hora de verano central)"
"10215","NICANOR PEÑA TORRES","CHICARAS MANZANA 720","QUERÉTARO","Sat Feb 07 1987 00:00:00 GMT-0600 (hora estándar central)"
"10387","ANATOLIO ORTIZ CRESPO","BOSQUES DE FELIPE NÚMERO 327","JALISCO","Mon Jan 23 1984 00:00:00 GMT-0600 (hora estándar central)"
"10428","HELIODORO BRAVO VIDAL","2 AVENIDA SUR NUM. 564","TLAXCALA","Fri Apr 13 1990 00:00:00 GMT-0600 (hora estándar central)"
"10499","AITOR GUTIÉRREZ FLORES","MARINO MOSCO NÚMERO 765","CHIHUAHUA","Tue Feb 26 1957 00:00:00 GMT-0600 (hora estándar central)"
"10523","ÁUREA SÁNCHEZ NÚÑEZ","NULL MZNA 317","ESTADO DE MÉXICO","Fri May 22 1970 00:00:00 GMT-0600 (hora estándar central)"
"10561","LAURA PEÑA PARRA","ARRECIFE MANZANA 599","PUEBLA","Sun Feb 18 1968 00:00:00 GMT-0600 (hora estándar central)"
"10569","EUSEBIO MOYA DÍEZ","AV. SONORA NORTE NO. 223","CAMPECHE","Sun Jan 05 1958 00:00:00 GMT-0600 (hora estándar central)"
"10649","ABELARDO ROMÁN FLORES","PRIV. COLORINES NÚMERO 12","GUANAJUATO","Sun Mar 12 1967 00:00:00 GMT-0600 (hora estándar central)"
"10705","NICANOR HERNÁNDEZ ALONSO","16 DE SEPTIEMBRE NO. 795","MICHOACÁN","Wed Nov 22 1995 00:00:00 GMT-0600 (hora estándar central)"
"10756","CONRADO GARRIDO FERNÁNDEZ","BOSQUES DE BOHEMIA NUM. 149","NAYARIT","Mon Dec 25 1995 00:00:00 GMT-0600 (hora estándar central)"
"11073","ABRAHÁN LORENZO CORTÉS","DAVID R. SCOTT NUM. 166","OAXACA","Wed May 09 1990 00:00:00 GMT-0600 (hora estándar central)"
"11089","SAMUEL FLORES LEÓN","RETORNO 9 DE TRONCOSO MANZANA 136","CAMPECHE","Mon Apr 21 1980 00:00:00 GMT-0600 (hora estándar central)"
"11130","NATALIA LÓPEZ BRAVO","TABASCO NO. 151","COAHUILA","Fri Jan 15 1988 00:00:00 GMT-0600 (hora estándar central)"
"11265","VICTORIA SANTIAGO HERRERA","CALLEJON ITURBE MZNA 528","COAHUILA","Tue Feb 09 1988 00:00:00 GMT-0600 (hora estándar central)"
"11305","TADEO MÉNDEZ MARTÍNEZ","LOMA DEL GALLO NÚMERO 138","SONORA","Mon Jan 01 1962 00:00:00 GMT-0600 (hora estándar central)"
"11369","SALOMÓN SÁNCHEZ IBÁÑEZ","NUEVA YORK NÚMERO 749","OAXACA","Mon Jun 07 1976 00:00:00 GMT-0600 (hora estándar central)"
"11412","MIGUEL LEÓN PARRA","TULTEPEC MZNA 523","CAMPECHE","Sun Dec 26 1993 00:00:00 GMT-0600 (hora estándar central)"
"11425","ANASTASIA VARGAS DÍEZ","PLAZUELA 1 DE SAN PEDRO NÚMERO 508","COAHUILA","Sun Apr 05 1959 00:00:00 GMT-0600 (hora estándar central)"
"11459","DAVID SOLER RUBIO","CANAL SECO NO. 242","VERACRUZ","Fri Feb 21 1958 00:00:00 GMT-0600 (hora estándar central)"
"11593","LUZ MARTÍNEZ BLANCO","CHIMALPOPOCA NUM. 134","GUANAJUATO","Sat Mar 06 1976 00:00:00 GMT-0600 (hora estándar central)"
"11663","AMELIA CAMPOS HERNÁNDEZ","HIDALGO NO. 386","GUANAJUATO","Mon Jul 25 1983 00:00:00 GMT-0600 (hora estándar central)"
"11866","ANIANO MEDINA VELASCO","AV PACIFICO MZNA 248","QUERÉTARO","Sun May 14 1961 00:00:00 GMT-0600 (hora de verano central)"
"11979","TORIBIO BLESA GARRIDO","PERUANOS NÚMERO 460","NAYARIT","Sun Feb 28 1954 00:00:00 GMT-0600 (hora estándar central)"
"12017","LAURA SOLER VELASCO","ANDADOR DEL LLANO MANZANA 718","SINALOA","Tue Sep 20 1960 00:00:00 GMT-0600 (hora de verano central)"
"12173","GREGORIO FERRER PASCUAL","PRIVADA FARALLON MZNA 675","AGUASCALIENTES","Sat Sep 19 1981 00:00:00 GMT-0600 (hora estándar central)"
"12340","CLAUDIA TORRES CARMONA","RODOLFO FIERRO MZNA 305","TLAXCALA","Sun Oct 04 1992 00:00:00 GMT-0600 (hora estándar central)"
"12533","HERACLIO AGUILAR ORTIZ","GUIPUZCOA MZNA 419","SONORA","Tue Jul 13 1965 00:00:00 GMT-0600 (hora de verano central)"
"12627","AMARO MEDINA LEÓN","DISTRITO EL PLAN NÚMERO 546","ZACATECAS","Sat Jan 17 1970 00:00:00 GMT-0600 (hora estándar central)"
"12640","HUGO SÁNCHEZ RUBIO","LABORISTAS NÚMERO 93","TABASCO","Sun May 26 1985 00:00:00 GMT-0600 (hora estándar central)"
"12729","ALBINA CABALLERO GONZÁLEZ","PIEDRA CALIZA NUM. 115","AGUASCALIENTES","Sun Mar 05 1961 00:00:00 GMT-0600 (hora estándar central)"
"12780","HELIODORO FERRER PEÑA","EL ROSARIO NÚMERO 368","ESTADO DE MÉXICO","Fri Aug 08 1975 00:00:00 GMT-0600 (hora estándar central)"
"13042","BORJA REYES CASTILLO","BALVANERA MANZANA 390","QUERÉTARO","Fri May 20 1983 00:00:00 GMT-0600 (hora estándar central)"
"13196","AMBROSIO HERNÁNDEZ GIL","CALLE FLORES MAGON NO. 598","AGUASCALIENTES","Wed Sep 23 1970 00:00:00 GMT-0600 (hora estándar central)"
"13208","LUIS REY BENÍTEZ","PLAYA HORNOS NO. 402","AGUASCALIENTES","Mon Mar 24 1969 00:00:00 GMT-0600 (hora estándar central)"
"13225","ALONSO IGLESIAS SOLER","NORTE 74 MZNA 783","GUERRERO","Tue Nov 20 1990 00:00:00 GMT-0600 (hora estándar central)"
"13239","JORGE MORA PÉREZ","VALLE PASSOS NUM. 767","YUCATÁN","Wed Dec 21 1988 00:00:00 GMT-0600 (hora estándar central)"
"13315","SANSÓN GIMÉNEZ BRAVO","MONTE ALBAN NUM. 507","HIDALGO","Sat Oct 15 1966 00:00:00 GMT-0600 (hora de verano central)"
"13355","ADOLFO GARRIDO CASTRO","CERRO DE LOS GAVILANES MANZANA 583","TAMAULIPAS","Thu Aug 02 1962 00:00:00 GMT-0600 (hora de verano central)"
"13394","LUCRECIA PARRA LEÓN","VICTORIANO SALADO ALVAREZ NÚMERO 303","NUEVO LEÓN","Tue Feb 09 1971 00:00:00 GMT-0600 (hora estándar central)"
"13478","DEMÓCRITO RAMOS MÉNDEZ","PRL. MOCTEZUMA MANZANA 557","TLAXCALA","Mon Dec 03 1973 00:00:00 GMT-0600 (hora estándar central)"
"13533","ANSELMO MOYA IBÁÑEZ","ARTEMISAS NUM. 697","CAMPECHE","Fri Mar 19 1971 00:00:00 GMT-0600 (hora estándar central)"
"13605","PAULA MONTERO LEÓN","FERRARA NUM. 394","SAN LUIS POTOSÍ","Sat Apr 20 1974 00:00:00 GMT-0600 (hora estándar central)"
"13625","ALBERT ROMÁN MORALES","AV LAS TORRES NUM. 96","TABASCO","Tue May 17 1977 00:00:00 GMT-0600 (hora estándar central)"
"13666","GUIDO GÓMEZ MONTORO","LERDO MANZANA 94","CDMX","Wed Oct 10 1979 00:00:00 GMT-0600 (hora estándar central)"
"13667","PORFIRIO RODRÍGUEZ VELASCO","3ERA. CERRADA DE COPAL NÚMERO 160","GUERRERO","Tue Dec 20 1960 00:00:00 GMT-0600 (hora estándar central)"
"13736","CLEOFÁS MARÍN MORA","PRIVADA EXHACIENDA DE LA ESCALERA MANZANA 584","TAMAULIPAS","Sun Mar 19 1989 00:00:00 GMT-0600 (hora estándar central)"
"14026","AURELIA BENÍTEZ CRUZ","HOPELCHEN NÚMERO 53","VERACRUZ","Wed Aug 03 1960 00:00:00 GMT-0600 (hora de verano central)"
"14038","ZACARÍAS MONTERO MONTERO","CIRCUITO PLAZA DE LA PAJA MZNA 758","CHIHUAHUA","Sun Nov 22 1992 00:00:00 GMT-0600 (hora estándar central)"
"14155","DÁMASO DURÁN GÓMEZ","ALFONSO XIII MZNA 742","CDMX","Tue Feb 15 1994 00:00:00 GMT-0600 (hora estándar central)"
"14186","MAURICIO PARRA LORENZO","FRESNO NO. 61","YUCATÁN","Sun Feb 14 1988 00:00:00 GMT-0600 (hora estándar central)"
"14317","HONORATO MARÍN HERRERA","IZTACCIHUATL NO. 86","AGUASCALIENTES","Mon Jan 25 1982 00:00:00 GMT-0600 (hora estándar central)"
"14370","PONCIO VICENTE ARIAS","HOMBRES ILUSTRES NUM. 648","OAXACA","Tue Apr 14 1959 00:00:00 GMT-0600 (hora de verano central)"
"14377","ANDREA MOYA SERRANO","CALLE 8 NUM. 164","ESTADO DE MÉXICO","Wed Mar 05 1986 00:00:00 GMT-0600 (hora estándar central)"
"14385","AURELIA PARRA PÉREZ","CERRADA JORGE ROJO LUGO NO. 247","SAN LUIS POTOSÍ","Fri Jul 10 1981 00:00:00 GMT-0600 (hora estándar central)"
"14552","CONRADO CANO LOZANO","GARDENIAS NO. 184","MORELOS","Fri Sep 16 1966 00:00:00 GMT-0600 (hora de verano central)"
"14576","CAYETANO ORTIZ CORTÉS","CERRADA DE CUAUHTEMOC NUM. 766","VERACRUZ","Sat Oct 05 1991 00:00:00 GMT-0600 (hora estándar central)"
"14577","GREGORIO GIL VICENTE","GUERRERO NUM. 154","MORELOS","Sat May 27 1995 00:00:00 GMT-0600 (hora estándar central)"
"14598","RODRIGO REYES ORTEGA","AV. NACIONES UNIDAS MZNA 403","PUEBLA","Sun Aug 20 1961 00:00:00 GMT-0600 (hora de verano central)"
"14649","GONZALO GIMÉNEZ SOTO","FRANCISCO SARABIA NUM. 779","COAHUILA","Sat Apr 14 1990 00:00:00 GMT-0600 (hora estándar central)"
"14733","JULIÁN PARRA CAMPOS","EMILIANO CARRANZA NUM. 400","GUERRERO","Tue Jul 23 1963 00:00:00 GMT-0600 (hora de verano central)"
"14745","ONÉSIMO SANZ SOTO","EMILIO LAURENT NO. 228","HIDALGO","Thu Nov 04 1954 00:00:00 GMT-0600 (hora estándar central)"
"14774","GERTRUDIS CABALLERO CORTÉS","1A. CALLE SUR NUM. 135","CDMX","Fri Nov 01 1991 00:00:00 GMT-0600 (hora estándar central)"
"14836","JERÓNIMO VEGA ARIAS","ALCANFORES MZNA 82","SAN LUIS POTOSÍ","Tue Sep 01 1970 00:00:00 GMT-0600 (hora estándar central)"
"14852","JERÓNIMO HERRERO VEGA","VELAZQUEZ DE LEON NUM. 578","CHIAPAS","Tue Oct 23 1962 00:00:00 GMT-0600 (hora de verano central)"
"14869","ANDREA RUBIO MARTÍN","CJON.TEZONTLICPAC NUM. 41","NUEVO LEÓN","Mon Apr 15 1974 00:00:00 GMT-0600 (hora estándar central)"
"14915","HELIODORO CARRASCO ORTIZ","ZEMPOALTEPETL MZNA 518","GUANAJUATO","Sat Dec 06 1980 00:00:00 GMT-0600 (hora estándar central)"
"15000","AMELIA LOZANO REY","CERRO DE LAS PALOMAS NO. 109","CHIAPAS","Fri Dec 27 1985 00:00:00 GMT-0600 (hora estándar central)"
"15014","JOAQUÍN LOZANO AGUILAR","CAMINO REAL AL AJUSCO NÚMERO 152","JALISCO","Thu May 25 1995 00:00:00 GMT-0600 (hora estándar central)"
"15066","CECILIA RUIZ IBÁÑEZ","AV. CASTILLO DE CHAPULTEPEC NO. 262","PUEBLA","Sat Apr 06 1974 00:00:00 GMT-0600 (hora estándar central)"
"15273","RIGOBERTO ORTIZ VIDAL","PLZAS. VILLA DE MADRID NUM. 656","COAHUILA","Wed Oct 02 1963 00:00:00 GMT-0600 (hora de verano central)"
"15282","NATALIA ORTIZ VARGAS","NEZAHUALCOYOTL NO. 763","HIDALGO","Sun Feb 20 1966 00:00:00 GMT-0600 (hora estándar central)"
"15304","BELÉN FUENTES VIDAL","NATIVITAS MZNA 80","GUANAJUATO","Fri Aug 13 1965 00:00:00 GMT-0600 (hora de verano central)"
"15347","ÚRSULA BRAVO ALONSO","SN. CIPRIAN NUM. 321","HIDALGO","Fri May 15 1959 00:00:00 GMT-0600 (hora de verano central)"
"15350","CLOTILDE SÁNCHEZ CAMPOS","LICENCIADO VERDAD NÚMERO 191","MORELOS","Mon Apr 22 1957 00:00:00 GMT-0600 (hora de verano central)"
"394","HÉCTOR CABRERA VÁZQUEZ","SALTO DEL AGUA NÚMERO 14","JALISCO","Mon Mar 09 1964 00:00:00 GMT-0600 (hora estándar central)"
"423","ANNA VELASCO ESTEBAN","LA VENTA CLAUSTRO TULIPANES MZNA 321","CHIAPAS","Wed Apr 13 1983 00:00:00 GMT-0600 (hora estándar central)"
"465","AARÓN VIDAL GARRIDO","SEBASTIAN L TEJADA MANZANA 284","QUERÉTARO","Thu Nov 17 1983 00:00:00 GMT-0600 (hora estándar central)"
"511","CATALINA VELASCO GONZÁLEZ","VILLA DE CUITLAHUAC MZNA 418","ZACATECAS","Wed Aug 03 1988 00:00:00 GMT-0600 (hora estándar central)"
"659","MARC GALLEGO PÉREZ","FRESA NO. 134","HIDALGO","Mon Apr 21 1969 00:00:00 GMT-0600 (hora de verano central)"
"709","SUSANA BLESA TORRES","ADRIAN BROWER NO. 53","DURANGO","Sun Aug 28 1988 00:00:00 GMT-0600 (hora estándar central)"
"862","ESTHER DURÁN SÁEZ","DR ARCE NO. 668","CAMPECHE","Thu Dec 26 1991 00:00:00 GMT-0600 (hora estándar central)"
"932","JORDI GARCÍA HERNÁNDEZ","AV MEXICO MZNA 361","CAMPECHE","Wed Mar 13 1957 00:00:00 GMT-0600 (hora estándar central)"
"998","GONZALO PARRA PASTOR","CDA. MANZANO NUM. 396","NUEVO LEÓN","Wed May 14 1958 00:00:00 GMT-0600 (hora de verano central)"
"1004","EZEQUIEL PASTOR ARIAS","FERRARA NÚMERO 225","BAJA CALIFORNIA","Sat Nov 16 1991 00:00:00 GMT-0600 (hora estándar central)"
"1035","ANTONIO CASTRO GALLARDO","PATRICIO SANZ NUM. 368","GUANAJUATO","Tue Jul 21 1959 00:00:00 GMT-0600 (hora de verano central)"
"1048","BERNARDA LÓPEZ CAMBIL","LABORISTAS MZNA 737","OAXACA","Mon Oct 24 1966 00:00:00 GMT-0600 (hora de verano central)"
"1099","IVÁN FERNÁNDEZ ESTEBAN","CARRETERA COSTERA NUM. 361","SONORA","Wed Sep 06 1995 00:00:00 GMT-0600 (hora estándar central)"
"1193","LADISLAO BLANCO VEGA","16 DE SEPTIEMBRE NÚMERO 208","DURANGO","Thu Jun 17 1982 00:00:00 GMT-0600 (hora estándar central)"
"1237","CATALINA VELASCO FERNÁNDEZ","TENAYUCA NUM. 476","PUEBLA","Thu Oct 28 1971 00:00:00 GMT-0600 (hora estándar central)"
"1409","RAMIRO SERRANO GÓMEZ","JOSEFA ORTIZ DE DOMINGUEZ NO. 746","HIDALGO","Mon May 03 1976 00:00:00 GMT-0600 (hora estándar central)"
"1444","MARC RAMÍREZ MÁRQUEZ","ANDADOR PUENTE MONZON MZNA 699","CDMX","Wed Mar 14 1990 00:00:00 GMT-0600 (hora estándar central)"
"1485","DÁMASO DÍEZ PÉREZ","ANDADOR DEL LLANO NÚMERO 513","NUEVO LEÓN","Wed May 28 1975 00:00:00 GMT-0600 (hora estándar central)"
"1492","GUZMÁN GALLEGO HERRERA","MANUEL PELAEZ MANZANA 620","OAXACA","Sat Sep 28 1991 00:00:00 GMT-0600 (hora estándar central)"
"1575","CEFERINO ALONSO DOMÍNGUEZ","BARRANCA NO. 769","BAJA CALIFORNIA","Sun Nov 03 1957 00:00:00 GMT-0600 (hora estándar central)"
"1578","CLAUDIA SÁNCHEZ JIMÉNEZ","IGNACIO L. VALLARTA NUM. 224","MICHOACÁN","Thu Jun 21 1962 00:00:00 GMT-0600 (hora de verano central)"
"1757","AQUILES RODRÍGUEZ CASTRO","ROMULO O FARRIL NÚMERO 665","MICHOACÁN","Wed Mar 09 1977 00:00:00 GMT-0600 (hora estándar central)"
"1774","BRUNO GUTIÉRREZ RUIZ","BARRANCA NO. 617","CDMX","Wed Dec 19 1979 00:00:00 GMT-0600 (hora estándar central)"
"1806","NATALIA SÁNCHEZ REY","TLACOTAL NO. 219","PUEBLA","Tue Jan 21 1964 00:00:00 GMT-0600 (hora estándar central)"
"1850","MONTSERRAT RAMOS ARIAS","MONROVIA NO. 799","CHIHUAHUA","Tue Jun 20 1961 00:00:00 GMT-0600 (hora de verano central)"
"1865","AGUSTÍN CASTRO NIETO","TOTONACAS MZNA 175","OAXACA","Sun Sep 13 1981 00:00:00 GMT-0600 (hora estándar central)"
"1909","PRIMO CALVO PÉREZ","CRUZ VERDE NO. 323","JALISCO","Wed Oct 27 1982 00:00:00 GMT-0600 (hora estándar central)"
"1916","VICTORIA SÁNCHEZ GARCÍA","PLAYA HORNOS NUM. 563","OAXACA","Mon May 19 1986 00:00:00 GMT-0600 (hora estándar central)"
"2070","LINO MÁRQUEZ VICENTE","CALLE PETIRROJO NO. 101","TLAXCALA","Thu Feb 04 1993 00:00:00 GMT-0600 (hora estándar central)"
"2106","DEMÓCRITO HERRERO CANO","EL ROSARIO MANZANA 528","NAYARIT","Mon May 25 1992 00:00:00 GMT-0600 (hora estándar central)"
"2198","ANTERO MUÑOZ CABALLERO","FRESNOS NO. 512","GUERRERO","Sat Jul 16 1994 00:00:00 GMT-0600 (hora estándar central)"
"2210","CONSUELO CARRASCO MOLINA","CERRADA DE CUAUHTEMOC NÚMERO 460","QUINTANA ROO","Sat Jan 21 1995 00:00:00 GMT-0600 (hora estándar central)"
"2281","ADÓN MÁRQUEZ DÍEZ","ALDAMA NUM. 618","NUEVO LEÓN","Sat Jul 21 1984 00:00:00 GMT-0600 (hora estándar central)"
"2282","DEMÓCRITO SANTOS CRUZ","LOMBARDOS NÚMERO 262","AGUASCALIENTES","Thu Feb 28 1963 00:00:00 GMT-0600 (hora estándar central)"
"2399","SALOMÉ MORALES RUIZ","CALLE10 DE ABRIL NÚMERO 781","VERACRUZ","Fri Mar 22 1957 00:00:00 GMT-0600 (hora estándar central)"
"2439","PATRICIA MÉNDEZ SÁEZ","GUADALUPE VICTORIA NO. 650","BAJA CALIFORNIA","Thu Nov 12 1970 00:00:00 GMT-0600 (hora estándar central)"
"2574","PABLO GIL CANO","BRAVO MZNA 116","DURANGO","Mon Jul 05 1971 00:00:00 GMT-0600 (hora estándar central)"
"2612","DACIANO MARTÍNEZ DELGADO","CALLEJON ITURBE NO. 391","NUEVO LEÓN","Sun May 14 1989 00:00:00 GMT-0600 (hora estándar central)"
"2622","RIGOBERTO AGUILAR ÁLVAREZ","CERRADA DE CUAUHTEMOC MZNA 77","TLAXCALA","Fri Jan 01 1960 00:00:00 GMT-0600 (hora estándar central)"
"2681","ILDEFONSO CAMBIL MEDINA","CLUB ATLAS NO. 499","SAN LUIS POTOSÍ","Sat May 09 1992 00:00:00 GMT-0600 (hora estándar central)"
"2723","EZEQUIEL GUTIÉRREZ DÍEZ","AVENIDA SAUCES MANZANA 662","VERACRUZ","Sun Mar 06 1983 00:00:00 GMT-0600 (hora estándar central)"
"2745","DACIANO ALONSO ROMÁN","NEZAHUALCOYOTL NO. 268","MICHOACÁN","Wed Sep 05 1973 00:00:00 GMT-0600 (hora estándar central)"
"2807","FERNANDO CRUZ IGLESIAS","CIPRES MANZANA 735","TABASCO","Wed Feb 08 1995 00:00:00 GMT-0600 (hora estándar central)"
"2818","AMPARO MARTÍNEZ DELGADO","FRESA NUM. 200","TABASCO","Sat Apr 21 1973 00:00:00 GMT-0600 (hora estándar central)"
"2875","ÓSCAR DOMÍNGUEZ MORALES","BOSQUES DE FELIPE MZNA 498","YUCATÁN","Sat Jun 18 1977 00:00:00 GMT-0600 (hora estándar central)"
"2995","URBANO ORTIZ CALVO","JESUS GARCIA MORALES NUM. 563","QUERÉTARO","Sun Mar 28 1976 00:00:00 GMT-0600 (hora estándar central)"
"3042","BÁRBARA SUÁREZ BENÍTEZ","LAGO GARDA MANZANA 109","VERACRUZ","Wed Apr 12 1961 00:00:00 GMT-0600 (hora de verano central)"
"3073","ESTER VIDAL VICENTE","HALCON MZNA 127","CDMX","Sun Oct 20 1968 00:00:00 GMT-0600 (hora de verano central)"
"3100","OSWALDO SÁEZ MORENO","PLAYA HORNOS NUM. 318","QUERÉTARO","Thu May 20 1965 00:00:00 GMT-0600 (hora de verano central)"
"3238","GEMA MÁRQUEZ CASTRO","AV. COPILCO NO. 482","SAN LUIS POTOSÍ","Thu Sep 14 1989 00:00:00 GMT-0600 (hora estándar central)"
"3280","MARCIANO REY GALLARDO","TLACOTAL MZNA 237","DURANGO","Wed Apr 20 1977 00:00:00 GMT-0600 (hora estándar central)"
"3330","BALDOMERO GIMÉNEZ ESTEBAN","1ERA. CERRADA DE ENCINAS NO. 314","MORELOS","Mon Jun 18 1973 00:00:00 GMT-0600 (hora estándar central)"
"3331","CARMEN LÓPEZ SERRANO","PUERTO MARQUEZ NUM. 131","GUANAJUATO","Thu Apr 14 1966 00:00:00 GMT-0600 (hora de verano central)"
"3395","MIQUEAS SANTIAGO GALLEGO","TULTEPEC NO. 480","SAN LUIS POTOSÍ","Mon Dec 13 1965 00:00:00 GMT-0600 (hora estándar central)"
"3420","BERNARDA BENÍTEZ DÍAZ","EMILIO LAURENT NÚMERO 245","COAHUILA","Mon Jan 04 1954 00:00:00 GMT-0600 (hora estándar central)"
"3506","ALICIA FERNÁNDEZ GIL","CARMEN SERDAN MANZANA 300","CAMPECHE","Sun Apr 09 1995 00:00:00 GMT-0600 (hora estándar central)"
"3606","BALDUINO MUÑOZ ROMÁN","CDA.DE LA SOLEDAD NÚMERO 570","AGUASCALIENTES","Fri Dec 28 1990 00:00:00 GMT-0600 (hora estándar central)"
"3729","ANTONIA HERNÁNDEZ SERRANO","PRIVADA EXHACIENDA DE LA ESCALERA NÚMERO 756","ZACATECAS","Fri Nov 09 1962 00:00:00 GMT-0600 (hora estándar central)"
"3775","BEATRIZ BLANCO BLANCO","CANAL DEL VADO MANZANA 489","YUCATÁN","Tue Jun 18 1968 00:00:00 GMT-0600 (hora de verano central)"
"3813","ACACIO VICENTE LOZANO","PRIMERA CERRADA DE ROBLE MANZANA 56","GUANAJUATO","Mon Apr 10 1961 00:00:00 GMT-0600 (hora de verano central)"
"3853","VICTORINO RAMOS DÍAZ","TONATIUH NUM. 750","BAJA CALIFORNIA","Sun Feb 20 1955 00:00:00 GMT-0600 (hora estándar central)"
"3866","DÁMASO MÉNDEZ NAVARRO","TENAYUCA NÚMERO 175","CAMPECHE","Tue Oct 24 1978 00:00:00 GMT-0600 (hora estándar central)"
"3919","LINO GÓMEZ GÓMEZ","CARRETERA COSTERA NO. 444","NAYARIT","Sat May 26 1990 00:00:00 GMT-0600 (hora estándar central)"
"3970","AURELIANO ESTEBAN CORTÉS","REPUBLICA DE CHILE MANZANA 777","YUCATÁN","Wed Jan 06 1988 00:00:00 GMT-0600 (hora estándar central)"
"3988","ROSA AGUILAR JIMÉNEZ","PATRICIO SANZ NO. 110","CDMX","Sun Sep 08 1985 00:00:00 GMT-0600 (hora estándar central)"
"3994","ROSA SÁEZ CARMONA","ANGEL TRIAS MANZANA 755","NAYARIT","Wed Jun 14 1967 00:00:00 GMT-0600 (hora de verano central)"
"4050","CELSO GUTIÉRREZ IBÁÑEZ","ISABEL LA CATOLICA NO. 429","MICHOACÁN","Thu Jan 23 1964 00:00:00 GMT-0600 (hora estándar central)"
"4096","ANTONIA ESTEBAN HERRERO","PLAZUELA 1 DE SAN PEDRO MANZANA 290","JALISCO","Tue Jan 04 1977 00:00:00 GMT-0600 (hora estándar central)"
"4166","EDUARDO ROMERO GIL","CALLE GARDENIA NUM. 86","ZACATECAS","Wed May 22 1991 00:00:00 GMT-0600 (hora estándar central)"
"4194","AMBROSIO VELASCO CANO","AV VICENTE RIVA PALACIO NUM. 65","MORELOS","Thu Jul 07 1960 00:00:00 GMT-0600 (hora de verano central)"
"4254","AMARO HERNÁNDEZ ARIAS","JAIME NUNO MZNA 141","CDMX","Sun Sep 13 1959 00:00:00 GMT-0600 (hora de verano central)"
"4384","MOISÉS RUIZ ROMÁN","PRIV. COLORINES MANZANA 404","PUEBLA","Tue Dec 09 1975 00:00:00 GMT-0600 (hora estándar central)"
"4388","LEANDRO SANTOS AGUILAR","MANUEL PELAEZ NÚMERO 285","QUINTANA ROO","Mon Nov 28 1966 00:00:00 GMT-0600 (hora estándar central)"
"4531","JONÁS GIL DÍEZ","XOCHIQUETZAL MANZANA 715","MORELOS","Thu Mar 05 1970 00:00:00 GMT-0600 (hora estándar central)"
"4547","GUZMÁN VARGAS TORRES","AV. CASTILLO DE CHAPULTEPEC NÚMERO 103","GUANAJUATO","Thu Nov 07 1968 00:00:00 GMT-0600 (hora estándar central)"
"4595","ZACARÍAS SANTIAGO RAMOS","VICENTE GUERRERO NÚMERO 129","TABASCO","Thu Jul 21 1955 00:00:00 GMT-0600 (hora de verano central)"
"4621","ASUNCIÓN ÁLVAREZ CANO","CALLE TABASCO NÚMERO 786","JALISCO","Mon Sep 19 1977 00:00:00 GMT-0600 (hora estándar central)"
"4644","PABLO MONTERO NAVARRO","ANDADOR 24 MANUELA SAENZ NÚMERO 133","SINALOA","Mon Aug 07 1995 00:00:00 GMT-0600 (hora estándar central)"
"4649","EUGENIO VÁZQUEZ GIL","SUR 113 A MANZANA 77","SINALOA","Wed Jul 20 1988 00:00:00 GMT-0600 (hora estándar central)"
"4777","NARCISO CALVO ÁLVAREZ","20 DE NOVIEMBRE NUM. 413","ESTADO DE MÉXICO","Sat Jun 12 1954 00:00:00 GMT-0600 (hora de verano central)"
"4783","IFIGENIA MONTERO FUENTES","PRIVADA FARALLON NUM. 330","COAHUILA","Wed Nov 08 1967 00:00:00 GMT-0600 (hora estándar central)"
"4796","LUIS CABALLERO GARCÍA","ADOLFO PRIETO MANZANA 83","NAYARIT","Sat May 07 1994 00:00:00 GMT-0600 (hora estándar central)"
"4828","LEANDRO BLESA MOLINA","AV. MORELOS SUR MZNA 174","JALISCO","Sat Feb 24 1979 00:00:00 GMT-0600 (hora estándar central)"
"4924","TITO VÁZQUEZ GARRIDO","BRAVO MZNA 285","CHIAPAS","Sat Jan 27 1990 00:00:00 GMT-0600 (hora estándar central)"
"4986","SUSANA SERRANO HERRERA","PUERTO ACAPULCO MZNA 331","CHIHUAHUA","Fri Dec 13 1991 00:00:00 GMT-0600 (hora estándar central)"
"5081","TIMOTEO DÍAZ PARRA","20 DE NOVIEMBRE NUM. 677","OAXACA","Sat Jan 09 1965 00:00:00 GMT-0600 (hora estándar central)"
"5195","FAUSTINO ESTEBAN CAMBIL","NEZAHUALCOYOTL MANZANA 1","TAMAULIPAS","Thu Jun 14 1990 00:00:00 GMT-0600 (hora estándar central)"
"5258","MANUEL GUERRERO RAMÍREZ","PROL DE GUADALUPE Y RAMIREZ MANZANA 323","TABASCO","Tue Nov 25 1958 00:00:00 GMT-0600 (hora estándar central)"
"5348","SIXTO NIETO GUTIÉRREZ","BULEVARD DE LA HACIENDA MZNA 107","MICHOACÁN","Fri Sep 14 1984 00:00:00 GMT-0600 (hora estándar central)"
"5359","NARCISO NÚÑEZ AGUILAR","CALLE MAESTRO RURAL NO. 601","CAMPECHE","Mon Mar 10 1986 00:00:00 GMT-0600 (hora estándar central)"
"5442","ALEJANDRO SANTANA MÉNDEZ","AV SANTA MARIA NÚMERO 364","NAYARIT","Sat Jan 11 1992 00:00:00 GMT-0600 (hora estándar central)"
"5557","ESPERANZA PÉREZ MORENO","YUCATAN NUM. 726","VERACRUZ","Tue Mar 10 1964 00:00:00 GMT-0600 (hora estándar central)"
"5571","ARACELI SANZ SOTO","PRIMERA AVENIDA MANZANA 788","SONORA","Wed Feb 17 1965 00:00:00 GMT-0600 (hora estándar central)"
"5604","SANTIAGO HERRERA AGUILAR","GUERRERO NÚMERO 329","AGUASCALIENTES","Mon Oct 21 1957 00:00:00 GMT-0600 (hora de verano central)"
"5681","AUGUSTO IGLESIAS LÓPEZ","PROL AHUEJOTES NO. 732","GUANAJUATO","Thu Feb 21 1980 00:00:00 GMT-0600 (hora estándar central)"
"5701","VIRGINIA DURÁN NAVARRO","EUFEMIO ARREDONDO NUM. 378","ESTADO DE MÉXICO","Wed Jul 14 1993 00:00:00 GMT-0600 (hora estándar central)"
"5714","AGUSTÍN SOTO SANTOS","MIERES NUM. 536","GUANAJUATO","Mon Feb 06 1978 00:00:00 GMT-0600 (hora estándar central)"
"5758","LUCIANO SERRANO GARRIDO","AV. RIO FRIO NO. 323","NUEVO LEÓN","Wed Aug 16 1995 00:00:00 GMT-0600 (hora estándar central)"
"5776","JUVENAL FERRER GUTIÉRREZ","PERIFERICO NÚMERO 114","SAN LUIS POTOSÍ","Wed Feb 03 1954 00:00:00 GMT-0600 (hora estándar central)"
"5892","RUPERTO PASTOR CORTÉS","IXTLIXOCHITL NUM. 532","ESTADO DE MÉXICO","Fri Sep 24 1954 00:00:00 GMT-0600 (hora de verano central)"
"6023","MÍRIAM CAMBIL MOLINA","RETORNO ELIAS F. HURTADO NO. 245","JALISCO","Mon Oct 28 1991 00:00:00 GMT-0600 (hora estándar central)"
"6179","TEÓFANES MÉNDEZ DÍEZ","CALLE MONTEALEGRE MZNA 481","VERACRUZ","Mon Jan 14 1957 00:00:00 GMT-0600 (hora estándar central)"
"6189","ELENA GÓMEZ VICENTE","CIRCUITO PLAZA DE LA PAJA NÚMERO 162","SINALOA","Sun Jan 07 1968 00:00:00 GMT-0600 (hora estándar central)"
"6202","YOLANDA CAMPOS HERRERA","AV JALISCO MZNA 384","TABASCO","Tue Apr 20 1976 00:00:00 GMT-0600 (hora estándar central)"
"6207","VALERIANO GUERRERO RUIZ","MARIA ELENA SANDOVAL NÚMERO 627","GUANAJUATO","Tue Dec 26 1989 00:00:00 GMT-0600 (hora estándar central)"
"6215","ARACELI GALLARDO SERRANO","CERRADA DE CUAUHTEMOC NUM. 747","YUCATÁN","Thu Jun 18 1970 00:00:00 GMT-0600 (hora estándar central)"
"6217","LOURDES GIL LOZANO","NULL NUM. 690","CAMPECHE","Thu Sep 03 1992 00:00:00 GMT-0600 (hora estándar central)"
"6276","VANESA IGLESIAS MORA","PIE DE LA CUESTA NÚMERO 281","ESTADO DE MÉXICO","Sun Aug 18 1963 00:00:00 GMT-0600 (hora de verano central)"
"6300","LÁZARO SUÁREZ DÍAZ","ZEMPOALTEPETL MANZANA 102","MORELOS","Sun Aug 03 1958 00:00:00 GMT-0600 (hora de verano central)"
"6339","ÁNGELES GARRIDO ORTIZ","CALLE LAZARO CARDENAS NO. 725","BAJA CALIFORNIA","Wed Aug 16 1961 00:00:00 GMT-0600 (hora de verano central)"
"6566","ALEJANDRO GIMÉNEZ CASTRO","TOMAS URBINA NUM. 282","SAN LUIS POTOSÍ","Sun Feb 08 1959 00:00:00 GMT-0600 (hora estándar central)"
"6594","EMILIA FUENTES SERRANO","TENORIOS NUM. 455","QUERÉTARO","Sat Jun 20 1964 00:00:00 GMT-0600 (hora de verano central)"
"6635","VICTORIO GUERRERO VARGAS","CALLE GARDENIA MZNA 221","MORELOS","Wed Apr 08 1964 00:00:00 GMT-0600 (hora de verano central)"
"6671","ISAÍAS VÁZQUEZ LOZANO","MAR ROJO NUM. 713","SONORA","Sat Dec 20 1975 00:00:00 GMT-0600 (hora estándar central)"
"6710","ROSENDO RUBIO CARRASCO","BRUSELAS MANZANA 352","TAMAULIPAS","Fri Jun 10 1988 00:00:00 GMT-0600 (hora estándar central)"
"6720","EULALIA GÓMEZ REY","OBRERO MUNDIAL MANZANA 215","NUEVO LEÓN","Fri Apr 09 1965 00:00:00 GMT-0600 (hora de verano central)"
"6738","ALONSO LOZANO IGLESIAS","ALFONSO XIII MZNA 481","NAYARIT","Sat May 01 1993 00:00:00 GMT-0600 (hora estándar central)"
"6833","ALONSO HIDALGO MORA","CTO. LAZARO CARDENAS NÚMERO 615","SINALOA","Sat Apr 19 1975 00:00:00 GMT-0600 (hora estándar central)"
"6846","RAFAEL RAMOS LORENZO","GUIPUZCOA NUM. 312","VERACRUZ","Sun Feb 06 1955 00:00:00 GMT-0600 (hora estándar central)"
"6916","ANTONIO SOTO PASCUAL","PROL DE GUADALUPE Y RAMIREZ MZNA 268","SINALOA","Tue Jun 05 1973 00:00:00 GMT-0600 (hora estándar central)"
"6926","NOELIA ALONSO GALLARDO","FRANCISCO VILLA NO. 137","TABASCO","Thu Nov 09 1967 00:00:00 GMT-0600 (hora estándar central)"
"6999","EUSEBIO CAMBIL LOZANO","CALLEJON PACHECO NO. 372","COAHUILA","Tue Sep 20 1977 00:00:00 GMT-0600 (hora estándar central)"
"7012","AGUSTÍN SANTANA MÁRQUEZ","ADELAIDA MZNA 278","QUINTANA ROO","Fri Nov 17 1967 00:00:00 GMT-0600 (hora estándar central)"
"7114","CLAUDIO CALVO CALVO","ONCE MARTIRES NO. 642","OAXACA","Sat Mar 20 1993 00:00:00 GMT-0600 (hora estándar central)"
"7146","ÁNGEL RAMOS CRESPO","CALLE 5 DE MAYO NO. 157","MORELOS","Tue Jul 11 1967 00:00:00 GMT-0600 (hora de verano central)"
"7153","DOROTEA RODRÍGUEZ RAMOS","AV. QUERETARO NÚMERO 721","CHIAPAS","Sun Dec 21 1975 00:00:00 GMT-0600 (hora estándar central)"
"7159","FAUSTO LORENZO SERRANO","HOPELCHEN NUM. 516","CAMPECHE","Thu Dec 13 1979 00:00:00 GMT-0600 (hora estándar central)"
"7188","ÁUREA SERRANO MORA","MESETA MZNA 158","CHIHUAHUA","Mon Jul 12 1976 00:00:00 GMT-0600 (hora estándar central)"
"7256","FIDEL GUTIÉRREZ DELGADO","CAPIRO NO. 782","NUEVO LEÓN","Sun Aug 11 1968 00:00:00 GMT-0600 (hora de verano central)"
"7258","ONÉSIMO ÁLVAREZ LOZANO","CALLE GRANADAS NO. 710","DURANGO","Fri Jul 05 1968 00:00:00 GMT-0600 (hora de verano central)"
"7311","TORIBIO SERRANO MORA","PLAN DE ATOTONILCO MANZANA 383","GUERRERO","Fri Feb 03 1961 00:00:00 GMT-0600 (hora estándar central)"
"7341","RENATO SANTIAGO MÁRQUEZ","CTO. LAZARO CARDENAS MANZANA 129","MICHOACÁN","Thu Oct 03 1974 00:00:00 GMT-0600 (hora estándar central)"
"7345","JULIA GIMÉNEZ CASTRO","TOTONACAS MANZANA 303","MORELOS","Thu Dec 19 1985 00:00:00 GMT-0600 (hora estándar central)"
"7376","BERNABÉ MOLINA JIMÉNEZ","PRIMERA CERRADA DE LAS ROSAS NO. 623","GUERRERO","Tue Dec 04 1990 00:00:00 GMT-0600 (hora estándar central)"
"7390","LEOCADIA CABRERA GALLEGO","PRIMERA CERRDA DE MARGARITAS NÚMERO 143","SAN LUIS POTOSÍ","Tue Jan 03 1961 00:00:00 GMT-0600 (hora estándar central)"
"7504","SANTIAGO VELASCO SOLER","COMUNAL NO. 741","CHIAPAS","Wed Jan 14 1959 00:00:00 GMT-0600 (hora estándar central)"
"7551","VIRGILIO HERRERA SOTO","POLYUC NÚMERO 787","CHIHUAHUA","Mon Jan 06 1958 00:00:00 GMT-0600 (hora estándar central)"
"7608","ANDRÉS VICENTE RAMOS","NATIVITAS NUM. 528","JALISCO","Sun Jan 21 1973 00:00:00 GMT-0600 (hora estándar central)"
"7631","FERMÍN RAMOS CALVO","MAR ROJO NÚMERO 639","TLAXCALA","Fri Jul 15 1955 00:00:00 GMT-0600 (hora de verano central)"
"7634","GREGORIO MÉNDEZ AGUILAR","BUENA SUERTE MZNA 123","GUANAJUATO","Thu Sep 15 1983 00:00:00 GMT-0600 (hora estándar central)"
"7672","REBECA NAVARRO MEDINA","VICTORIANO SALADO ALVAREZ NUM. 698","AGUASCALIENTES","Sun Apr 05 1959 00:00:00 GMT-0600 (hora estándar central)"
"7678","BENIGNO HIDALGO VEGA","3ERA. CERRADA DE COPAL NO. 259","CHIAPAS","Wed Jul 04 1990 00:00:00 GMT-0600 (hora estándar central)"
"7777","EZEQUIEL VIDAL SOTO","OLIVO MANZANA 391","JALISCO","Tue Oct 23 1990 00:00:00 GMT-0600 (hora estándar central)"
"7790","EMILIO MARÍN ORTEGA","PRIVADA AZOYAPAN NÚMERO 442","PUEBLA","Wed Jan 02 1985 00:00:00 GMT-0600 (hora estándar central)"
"7793","ARESIO HERRERA CARMONA","GRECIA MANZANA 536","ZACATECAS","Sat Jun 03 1978 00:00:00 GMT-0600 (hora estándar central)"
"7807","FABIÁN VELASCO HERRERO","ATLETAS MZNA 588","PUEBLA","Wed Dec 03 1980 00:00:00 GMT-0600 (hora estándar central)"
"7810","ARESIO MONTERO HIDALGO","AHUACATL MANZANA 689","CHIHUAHUA","Mon Nov 13 1967 00:00:00 GMT-0600 (hora estándar central)"
"7916","CIRINO PEÑA SÁNCHEZ","PRIVADA DE HIPODROMO MANZANA 382","SAN LUIS POTOSÍ","Wed Sep 23 1964 00:00:00 GMT-0600 (hora de verano central)"
"7939","IRENEO SANTANA SANTANA","XICOTENCATL MZNA 464","CAMPECHE","Wed Aug 05 1987 00:00:00 GMT-0600 (hora estándar central)"
"7946","TITO CANO CORTÉS","RENATO LEDUC NUM. 108","GUANAJUATO","Mon May 19 1958 00:00:00 GMT-0600 (hora de verano central)"
"7980","CLEOFÁS SOTO CAMPOS","TEJAMANIL MANZANA 788","CAMPECHE","Mon Jul 12 1982 00:00:00 GMT-0600 (hora estándar central)"
"7995","ROSARIO IBÁÑEZ IBÁÑEZ","CALLE 60 MZNA 365","SINALOA","Fri Aug 16 1968 00:00:00 GMT-0600 (hora de verano central)"
"8000","NICOLÁS MARTÍN SÁEZ","SANTA ANA NUM. 379","YUCATÁN","Thu Dec 15 1955 00:00:00 GMT-0600 (hora estándar central)"
"8013","EDGAR REY GUERRERO","PLZAS. VILLA DE MADRID NO. 516","YUCATÁN","Sat Jan 22 1955 00:00:00 GMT-0600 (hora estándar central)"
"8075","MATÍAS MÉNDEZ MÁRQUEZ","PRIVADA AZOYAPAN NUM. 188","NUEVO LEÓN","Thu Mar 02 1989 00:00:00 GMT-0600 (hora estándar central)"
"8089","DANIEL MONTERO SUÁREZ","AGUAJE NÚMERO 609","CDMX","Sat May 05 1984 00:00:00 GMT-0600 (hora estándar central)"
"8097","ORIOL LEÓN CARRASCO","TOMAS URBINA NÚMERO 293","QUINTANA ROO","Sun Jun 24 1984 00:00:00 GMT-0600 (hora estándar central)"
"8136","TRINIDAD HIDALGO CRESPO","CECILIO ROBELO MZNA 639","MORELOS","Sun Sep 04 1966 00:00:00 GMT-0600 (hora de verano central)"
"8191","PANCRACIO CAMBIL SANZ","LIBERTAD NÚMERO 48","COAHUILA","Sun Sep 09 1979 00:00:00 GMT-0600 (hora estándar central)"
"8202","INOCENCIO CAMPOS BLANCO","CALANDRIA NO. 494","QUINTANA ROO","Mon Jan 15 1990 00:00:00 GMT-0600 (hora estándar central)"
"8241","BRUNO MORA SANTANA","AV. SAN LORENZO TEZONCO NÚMERO 78","GUANAJUATO","Fri Sep 15 1961 00:00:00 GMT-0600 (hora de verano central)"
"8287","JOSAFAT CASTRO GALLEGO","1A CDA DE OLIVOS NUM. 544","COAHUILA","Wed Dec 03 1986 00:00:00 GMT-0600 (hora estándar central)"
"8305","GABRIEL FERRER RODRÍGUEZ","ANDADOR DEL LLANO MANZANA 400","NAYARIT","Mon Apr 10 1967 00:00:00 GMT-0600 (hora de verano central)"
"8306","SANSÓN ROMÁN GUERRERO","JAVIER MARTINEZ NÚMERO 4","QUINTANA ROO","Sun Aug 15 1993 00:00:00 GMT-0600 (hora estándar central)"
"8322","ADÓN HERRERA BLESA","ROSAL NO. 142","ZACATECAS","Mon Jun 19 1978 00:00:00 GMT-0600 (hora estándar central)"
"8336","SOLEDAD VIDAL CRUZ","OCOTAL NÚMERO 211","MICHOACÁN","Mon May 16 1988 00:00:00 GMT-0600 (hora estándar central)"
"8432","MAR ARIAS SANZ","AV. COPILCO MZNA 176","PUEBLA","Mon Oct 22 1962 00:00:00 GMT-0600 (hora de verano central)"
"8458","SIRO CRESPO VEGA","20 DE NOVIEMBRE MANZANA 766","CHIHUAHUA","Sun Nov 22 1970 00:00:00 GMT-0600 (hora estándar central)"
"8577","LORENZO MONTORO IGLESIAS","PIEDRA CALIZA NO. 727","COAHUILA","Thu Jul 10 1958 00:00:00 GMT-0600 (hora de verano central)"
"8670","PRISCILA CANO FERNÁNDEZ","EJIDO MAGDALENA PETLACALCO NO. 297","VERACRUZ","Mon Apr 13 1981 00:00:00 GMT-0600 (hora estándar central)"
"8702","REINALDO CABRERA ALONSO","CHIAPANECAS NO. 564","NUEVO LEÓN","Thu Aug 19 1954 00:00:00 GMT-0600 (hora de verano central)"
"8792","ÁLVARO DELGADO ESTEBAN","VICENTE GUERRERO NÚMERO 500","VERACRUZ","Tue Jun 17 1969 00:00:00 GMT-0600 (hora de verano central)"
"8829","LIDIA HIDALGO FERNÁNDEZ","JOAQUIN GARCIA LUNA MZNA 669","OAXACA","Fri Jun 02 1961 00:00:00 GMT-0600 (hora de verano central)"
"8906","TITO ÁLVAREZ MUÑOZ","ANDADOR 16 NÚMERO 532","COAHUILA","Wed Aug 18 1954 00:00:00 GMT-0600 (hora de verano central)"
"8912","ALBERTO PEÑA IGLESIAS","DISTRITO EL PLAN NO. 674","CDMX","Sun Mar 06 1960 00:00:00 GMT-0600 (hora estándar central)"
"8951","BARTOLOMÉ SUÁREZ MORALES","AND LAS LEYES DE REFORMA NUM. 612","VERACRUZ","Mon Nov 04 1985 00:00:00 GMT-0600 (hora estándar central)"
"9053","ESTEBAN BENÍTEZ FUENTES","CONTADORES NUM. 667","SONORA","Sun Dec 08 1974 00:00:00 GMT-0600 (hora estándar central)"
"9058","PASCUAL CAMBIL ARIAS","CIRCUITO RIO BLANCO NO. 172","QUERÉTARO","Thu Sep 21 1995 00:00:00 GMT-0600 (hora estándar central)"
"9105","EVA VIDAL SANTANA","BOSQUES DE BRUSELAS NO. 277","TAMAULIPAS","Wed Jul 01 1964 00:00:00 GMT-0600 (hora de verano central)"
"9130","CECILIA LORENZO MORALES","ACERCAMIENTO NACIONAL NÚMERO 735","OAXACA","Tue Sep 06 1983 00:00:00 GMT-0600 (hora estándar central)"
"9411","ARESIO PEÑA MORALES","JACARANDAS NÚMERO 37","TLAXCALA","Fri Oct 09 1987 00:00:00 GMT-0600 (hora estándar central)"