"sucursal.nombresucursal","sucursal.estado","null.saldoprom","null.saldomin","null.cantcuentas"
"UXMAL","QUINTANA ROO","85546.43476923075","1605.96","65"
"FRANCISCO DE MONTEJO","YUCATÁN","81785.0201388889","2317.02","72"
"ITZAES","YUCATÁN","85380.60982758619","2293.51","58"
"TULUM","QUINTANA ROO","83888.38857142857","3105.73","49"
"TICUL","YUCATÁN","86754.76537037034","1304.86","54"
"VALLADOLID","YUCATÁN","82242.5904477612","1953.14","67"
"TIZIMIN","YUCATÁN","85529.16583333332","11579.08","48"
"PLAYA DEL CARMEN","QUINTANA ROO","81019.83606557375","2660.81","61"